{
    "0.6_0.1_0.1_0.2": 228.08333333333331,
    "0.6_0.1_0.1_0.3": 191.44444444444443,
    "0.6_0.1_0.1_0.4": 196.52777777777777,
    "0.6_0.1_0.2_0.2": 195.97222222222223,
    "0.6_0.1_0.2_0.3": 211.24999999999997,
    "0.6_0.1_0.2_0.4": 194.22222222222223,
    "0.6_0.1_0.3_0.2": 211.19444444444443,
    "0.6_0.1_0.3_0.3": 220.25000000000003,
    "0.6_0.1_0.3_0.4": 199.41666666666666,
    "0.6_0.2_0.1_0.2": 177.88888888888886,
    "0.6_0.2_0.1_0.3": 164.72222222222223,
    "0.6_0.2_0.1_0.4": 163.91666666666666,
    "0.6_0.2_0.2_0.2": 178.16666666666666,
    "0.6_0.2_0.2_0.3": 175.19444444444443,
    "0.6_0.2_0.2_0.4": 180.19444444444446,
    "0.6_0.2_0.3_0.2": 197.97222222222223,
    "0.6_0.2_0.3_0.3": 184.69444444444446,
    "0.6_0.2_0.3_0.4": 172.00000000000003
}