{
    "0.1_0.1_0.1_0.1": 23.97222222222222,
    "0.1_0.1_0.1_0.3": 22.27777777777778,
    "0.1_0.1_0.1_0.5": 25.166666666666664,
    "0.1_0.1_0.1_0.7": 18.805555555555557,
    "0.1_0.1_0.3_0.1": 13.36111111111111,
    "0.1_0.1_0.3_0.3": 12.86111111111111,
    "0.1_0.1_0.3_0.5": 15.416666666666668,
    "0.1_0.1_0.3_0.7": 15.194444444444446,
    "0.1_0.1_0.5_0.1": 11.38888888888889,
    "0.1_0.1_0.5_0.3": 11.75,
    "0.1_0.1_0.5_0.5": 12.722222222222221,
    "0.1_0.1_0.5_0.7": 9.472222222222223,
    "0.1_0.1_0.7_0.1": 8.277777777777779,
    "0.1_0.1_0.7_0.3": 7.722222222222221,
    "0.1_0.1_0.7_0.5": 7.194444444444446,
    "0.1_0.1_0.7_0.7": 9.944444444444446,
    "0.1_0.3_0.1_0.1": 14.999999999999998,
    "0.1_0.3_0.1_0.3": 14.36111111111111,
    "0.1_0.3_0.1_0.5": 15.13888888888889,
    "0.1_0.3_0.1_0.7": 12.027777777777779,
    "0.1_0.3_0.3_0.1": 14.166666666666668,
    "0.1_0.3_0.3_0.3": 12.666666666666666,
    "0.1_0.3_0.3_0.5": 11.694444444444446,
    "0.1_0.3_0.3_0.7": 12.222222222222223,
    "0.1_0.3_0.5_0.1": 9.194444444444443,
    "0.1_0.3_0.5_0.3": 11.583333333333332,
    "0.1_0.3_0.5_0.5": 11.444444444444445,
    "0.1_0.3_0.5_0.7": 8.61111111111111,
    "0.1_0.3_0.7_0.1": 7.166666666666666,
    "0.1_0.3_0.7_0.3": 8.38888888888889,
    "0.1_0.3_0.7_0.5": 8.583333333333334,
    "0.1_0.3_0.7_0.7": 5.305555555555555,
    "0.1_0.5_0.1_0.1": 11.416666666666666,
    "0.1_0.5_0.1_0.3": 10.416666666666668,
    "0.1_0.5_0.1_0.5": 14.055555555555557,
    "0.1_0.5_0.1_0.7": 10.916666666666668,
    "0.1_0.5_0.3_0.1": 10.694444444444446,
    "0.1_0.5_0.3_0.3": 10.666666666666666,
    "0.1_0.5_0.3_0.5": 8.916666666666666,
    "0.1_0.5_0.3_0.7": 8.277777777777779,
    "0.1_0.5_0.5_0.1": 6.916666666666668,
    "0.1_0.5_0.5_0.3": 7.861111111111111,
    "0.1_0.5_0.5_0.5": 7.5,
    "0.1_0.5_0.5_0.7": 9.388888888888888,
    "0.1_0.5_0.7_0.1": 6.916666666666666,
    "0.1_0.5_0.7_0.3": 7.333333333333332,
    "0.1_0.5_0.7_0.5": 7.972222222222223,
    "0.1_0.5_0.7_0.7": 8.583333333333334,
    "0.1_0.7_0.1_0.1": 9.194444444444446,
    "0.1_0.7_0.1_0.3": 9.222222222222223,
    "0.1_0.7_0.1_0.5": 8.944444444444443,
    "0.1_0.7_0.1_0.7": 6.194444444444445,
    "0.1_0.7_0.3_0.1": 6.75,
    "0.1_0.7_0.3_0.3": 10.305555555555555,
    "0.1_0.7_0.3_0.5": 5.833333333333334,
    "0.1_0.7_0.3_0.7": 7.416666666666666,
    "0.1_0.7_0.5_0.1": 9.027777777777777,
    "0.1_0.7_0.5_0.3": 8.583333333333332,
    "0.1_0.7_0.5_0.5": 7.194444444444443,
    "0.1_0.7_0.5_0.7": 8.499999999999998,
    "0.1_0.7_0.7_0.1": 7.972222222222221,
    "0.1_0.7_0.7_0.3": 7.861111111111111,
    "0.1_0.7_0.7_0.5": 6.75,
    "0.1_0.7_0.7_0.7": 7.25,
    "0.3_0.1_0.1_0.1": 22.277777777777775,
    "0.3_0.1_0.1_0.3": 25.416666666666664,
    "0.3_0.1_0.1_0.5": 25.638888888888893,
    "0.3_0.1_0.1_0.7": 26.11111111111111,
    "0.3_0.1_0.3_0.1": 21.25,
    "0.3_0.1_0.3_0.3": 20.41666666666667,
    "0.3_0.1_0.3_0.5": 18.0,
    "0.3_0.1_0.3_0.7": 18.75,
    "0.3_0.1_0.5_0.1": 13.000000000000002,
    "0.3_0.1_0.5_0.3": 15.194444444444446,
    "0.3_0.1_0.5_0.5": 14.75,
    "0.3_0.1_0.5_0.7": 14.61111111111111,
    "0.3_0.1_0.7_0.1": 14.027777777777779,
    "0.3_0.1_0.7_0.3": 12.472222222222221,
    "0.3_0.1_0.7_0.5": 14.333333333333332,
    "0.3_0.1_0.7_0.7": 15.444444444444443,
    "0.3_0.3_0.1_0.1": 19.333333333333336,
    "0.3_0.3_0.1_0.3": 20.722222222222225,
    "0.3_0.3_0.1_0.5": 15.999999999999998,
    "0.3_0.3_0.1_0.7": 16.86111111111111,
    "0.3_0.3_0.3_0.1": 11.36111111111111,
    "0.3_0.3_0.3_0.3": 15.111111111111112,
    "0.3_0.3_0.3_0.5": 17.27777777777778,
    "0.3_0.3_0.3_0.7": 14.027777777777777,
    "0.3_0.3_0.5_0.1": 11.500000000000002,
    "0.3_0.3_0.5_0.3": 13.805555555555557,
    "0.3_0.3_0.5_0.5": 12.666666666666666,
    "0.3_0.3_0.5_0.7": 12.5,
    "0.3_0.3_0.7_0.1": 10.972222222222221,
    "0.3_0.3_0.7_0.3": 12.416666666666666,
    "0.3_0.3_0.7_0.5": 14.083333333333334,
    "0.3_0.3_0.7_0.7": 11.86111111111111,
    "0.3_0.5_0.1_0.1": 14.583333333333334,
    "0.3_0.5_0.1_0.3": 17.02777777777778,
    "0.3_0.5_0.1_0.5": 13.027777777777777,
    "0.3_0.5_0.1_0.7": 14.055555555555555,
    "0.3_0.5_0.3_0.1": 15.36111111111111,
    "0.3_0.5_0.3_0.3": 14.86111111111111,
    "0.3_0.5_0.3_0.5": 13.055555555555557,
    "0.3_0.5_0.3_0.7": 9.527777777777777,
    "0.3_0.5_0.5_0.1": 13.88888888888889,
    "0.3_0.5_0.5_0.3": 12.138888888888888,
    "0.3_0.5_0.5_0.5": 13.11111111111111,
    "0.3_0.5_0.5_0.7": 11.027777777777779,
    "0.3_0.5_0.7_0.1": 14.13888888888889,
    "0.3_0.5_0.7_0.3": 10.527777777777779,
    "0.3_0.5_0.7_0.5": 13.194444444444443,
    "0.3_0.5_0.7_0.7": 9.666666666666666,
    "0.3_0.7_0.1_0.1": 11.416666666666666,
    "0.3_0.7_0.1_0.3": 13.88888888888889,
    "0.3_0.7_0.1_0.5": 13.416666666666668,
    "0.3_0.7_0.1_0.7": 11.86111111111111,
    "0.3_0.7_0.3_0.1": 12.805555555555555,
    "0.3_0.7_0.3_0.3": 10.63888888888889,
    "0.3_0.7_0.3_0.5": 11.333333333333332,
    "0.3_0.7_0.3_0.7": 12.666666666666666,
    "0.3_0.7_0.5_0.1": 10.944444444444446,
    "0.3_0.7_0.5_0.3": 12.416666666666666,
    "0.3_0.7_0.5_0.5": 13.833333333333334,
    "0.3_0.7_0.5_0.7": 10.027777777777777,
    "0.3_0.7_0.7_0.1": 11.61111111111111,
    "0.3_0.7_0.7_0.3": 12.999999999999998,
    "0.3_0.7_0.7_0.5": 12.999999999999998,
    "0.3_0.7_0.7_0.7": 8.305555555555557,
    "0.5_0.1_0.1_0.1": 29.11111111111111,
    "0.5_0.1_0.1_0.3": 22.944444444444443,
    "0.5_0.1_0.1_0.5": 31.388888888888893,
    "0.5_0.1_0.1_0.7": 26.5,
    "0.5_0.1_0.3_0.1": 22.611111111111107,
    "0.5_0.1_0.3_0.3": 19.47222222222222,
    "0.5_0.1_0.3_0.5": 19.5,
    "0.5_0.1_0.3_0.7": 25.416666666666664,
    "0.5_0.1_0.5_0.1": 23.0,
    "0.5_0.1_0.5_0.3": 23.333333333333336,
    "0.5_0.1_0.5_0.5": 23.86111111111111,
    "0.5_0.1_0.5_0.7": 20.583333333333336,
    "0.5_0.1_0.7_0.1": 17.27777777777778,
    "0.5_0.1_0.7_0.3": 18.944444444444446,
    "0.5_0.1_0.7_0.5": 20.416666666666664,
    "0.5_0.1_0.7_0.7": 17.305555555555557,
    "0.5_0.3_0.1_0.1": 18.0,
    "0.5_0.3_0.1_0.3": 20.694444444444443,
    "0.5_0.3_0.1_0.5": 20.638888888888893,
    "0.5_0.3_0.1_0.7": 19.277777777777775,
    "0.5_0.3_0.3_0.1": 20.16666666666667,
    "0.5_0.3_0.3_0.3": 20.055555555555554,
    "0.5_0.3_0.3_0.5": 17.194444444444443,
    "0.5_0.3_0.3_0.7": 17.88888888888889,
    "0.5_0.3_0.5_0.1": 17.47222222222222,
    "0.5_0.3_0.5_0.3": 18.25,
    "0.5_0.3_0.5_0.5": 17.805555555555554,
    "0.5_0.3_0.5_0.7": 21.194444444444443,
    "0.5_0.3_0.7_0.1": 18.25,
    "0.5_0.3_0.7_0.3": 14.527777777777779,
    "0.5_0.3_0.7_0.5": 17.25,
    "0.5_0.3_0.7_0.7": 18.916666666666664,
    "0.5_0.5_0.1_0.1": 16.166666666666664,
    "0.5_0.5_0.1_0.3": 15.083333333333334,
    "0.5_0.5_0.1_0.5": 19.77777777777778,
    "0.5_0.5_0.1_0.7": 15.777777777777779,
    "0.5_0.5_0.3_0.1": 15.63888888888889,
    "0.5_0.5_0.3_0.3": 13.694444444444443,
    "0.5_0.5_0.3_0.5": 14.777777777777779,
    "0.5_0.5_0.3_0.7": 14.333333333333334,
    "0.5_0.5_0.5_0.1": 18.166666666666664,
    "0.5_0.5_0.5_0.3": 13.944444444444443,
    "0.5_0.5_0.5_0.5": 17.02777777777778,
    "0.5_0.5_0.5_0.7": 15.194444444444446,
    "0.5_0.5_0.7_0.1": 18.86111111111111,
    "0.5_0.5_0.7_0.3": 19.25,
    "0.5_0.5_0.7_0.5": 19.33333333333333,
    "0.5_0.5_0.7_0.7": 17.75,
    "0.5_0.7_0.1_0.1": 13.527777777777777,
    "0.5_0.7_0.1_0.3": 12.777777777777779,
    "0.5_0.7_0.1_0.5": 15.61111111111111,
    "0.5_0.7_0.1_0.7": 14.972222222222221,
    "0.5_0.7_0.3_0.1": 14.555555555555555,
    "0.5_0.7_0.3_0.3": 15.88888888888889,
    "0.5_0.7_0.3_0.5": 21.13888888888889,
    "0.5_0.7_0.3_0.7": 12.083333333333334,
    "0.5_0.7_0.5_0.1": 16.805555555555557,
    "0.5_0.7_0.5_0.3": 15.749999999999998,
    "0.5_0.7_0.5_0.5": 16.638888888888886,
    "0.5_0.7_0.5_0.7": 17.583333333333336,
    "0.5_0.7_0.7_0.1": 14.972222222222221,
    "0.5_0.7_0.7_0.3": 18.944444444444443,
    "0.5_0.7_0.7_0.5": 20.694444444444443,
    "0.5_0.7_0.7_0.7": 18.88888888888889,
    "0.7_0.1_0.1_0.1": 35.138888888888886,