{
    "0.6_0.1_0.1_0.2": 307.69444444444446,
    "0.6_0.1_0.1_0.3": 318.86111111111114,
    "0.6_0.1_0.1_0.4": 309.1111111111111,
    "0.6_0.1_0.2_0.2": 320.3611111111111,
    "0.6_0.1_0.2_0.3": 322.80555555555554,
    "0.6_0.1_0.2_0.4": 314.75,
    "0.6_0.1_0.3_0.2": 325.94444444444446,
    "0.6_0.1_0.3_0.3": 308.55555555555554,
    "0.6_0.1_0.3_0.4": 310.08333333333337,
    "0.6_0.2_0.1_0.2": 262.8333333333333,
    "0.6_0.2_0.1_0.3": 254.77777777777777,
    "0.6_0.2_0.1_0.4": 249.6111111111111,
    "0.6_0.2_0.2_0.2": 274.72222222222223,
    "0.6_0.2_0.2_0.3": 266.9166666666667,
    "0.6_0.2_0.2_0.4": 259.1111111111111,
    "0.6_0.2_0.3_0.2": 280.33333333333337,
    "0.6_0.2_0.3_0.3": 286.72222222222223,
    "0.6_0.2_0.3_0.4": 274.44444444444446
}