{
    "0.6_0.1_0.1_0.2": 326.38888888888886,
    "0.6_0.1_0.1_0.3": 339.6111111111111,
    "0.6_0.1_0.1_0.4": 329.0,
    "0.6_0.1_0.2_0.2": 331.3611111111111,
    "0.6_0.1_0.2_0.3": 342.97222222222223,
    "0.6_0.1_0.2_0.4": 342.36111111111114,
    "0.6_0.1_0.3_0.2": 332.5555555555556,
    "0.6_0.1_0.3_0.3": 322.30555555555554,
    "0.6_0.1_0.3_0.4": 340.9722222222222,
    "0.6_0.2_0.1_0.2": 288.69444444444446,
    "0.6_0.2_0.1_0.3": 277.7777777777778,
    "0.6_0.2_0.1_0.4": 269.4166666666667,
    "0.6_0.2_0.2_0.2": 295.16666666666663,
    "0.6_0.2_0.2_0.3": 295.63888888888886,
    "0.6_0.2_0.2_0.4": 285.1111111111111,
    "0.6_0.2_0.3_0.2": 300.19444444444446,
    "0.6_0.2_0.3_0.3": 301.52777777777777,
    "0.6_0.2_0.3_0.4": 301.0277777777778
}