{
    "0.1_0.1_0.1_0.1": 20.77777777777778,
    "0.1_0.1_0.1_0.3": 25.77777777777778,
    "0.1_0.1_0.1_0.5": 24.22222222222222,
    "0.1_0.1_0.1_0.7": 23.52777777777778,
    "0.1_0.1_0.3_0.1": 14.972222222222223,
    "0.1_0.1_0.3_0.3": 14.25,
    "0.1_0.1_0.3_0.5": 13.833333333333334,
    "0.1_0.1_0.3_0.7": 15.805555555555557,
    "0.1_0.1_0.5_0.1": 12.305555555555557,
    "0.1_0.1_0.5_0.3": 11.527777777777779,
    "0.1_0.1_0.5_0.5": 10.750000000000002,
    "0.1_0.1_0.5_0.7": 11.805555555555557,
    "0.1_0.1_0.7_0.1": 10.111111111111112,
    "0.1_0.1_0.7_0.3": 8.055555555555554,
    "0.1_0.1_0.7_0.5": 10.666666666666666,
    "0.1_0.1_0.7_0.7": 9.5,
    "0.1_0.3_0.1_0.1": 15.166666666666666,
    "0.1_0.3_0.1_0.3": 15.972222222222221,
    "0.1_0.3_0.1_0.5": 14.86111111111111,
    "0.1_0.3_0.1_0.7": 14.305555555555557,
    "0.1_0.3_0.3_0.1": 12.694444444444443,
    "0.1_0.3_0.3_0.3": 12.555555555555555,
    "0.1_0.3_0.3_0.5": 12.75,
    "0.1_0.3_0.3_0.7": 9.13888888888889,
    "0.1_0.3_0.5_0.1": 6.861111111111111,
    "0.1_0.3_0.5_0.3": 11.083333333333332,
    "0.1_0.3_0.5_0.5": 8.86111111111111,
    "0.1_0.3_0.5_0.7": 9.861111111111112,
    "0.1_0.3_0.7_0.1": 9.972222222222223,
    "0.1_0.3_0.7_0.3": 8.750000000000002,
    "0.1_0.3_0.7_0.5": 9.416666666666666,
    "0.1_0.3_0.7_0.7": 9.333333333333332,
    "0.1_0.5_0.1_0.1": 11.25,
    "0.1_0.5_0.1_0.3": 10.083333333333332,
    "0.1_0.5_0.1_0.5": 12.222222222222221,
    "0.1_0.5_0.1_0.7": 11.083333333333334,
    "0.1_0.5_0.3_0.1": 11.194444444444445,
    "0.1_0.5_0.3_0.3": 11.638888888888888,
    "0.1_0.5_0.3_0.5": 9.250000000000002,
    "0.1_0.5_0.3_0.7": 11.083333333333334,
    "0.1_0.5_0.5_0.1": 6.777777777777779,
    "0.1_0.5_0.5_0.3": 7.444444444444443,
    "0.1_0.5_0.5_0.5": 8.305555555555557,
    "0.1_0.5_0.5_0.7": 9.416666666666666,
    "0.1_0.5_0.7_0.1": 10.111111111111112,
    "0.1_0.5_0.7_0.3": 6.416666666666666,
    "0.1_0.5_0.7_0.5": 9.027777777777777,
    "0.1_0.5_0.7_0.7": 7.527777777777779,
    "0.1_0.7_0.1_0.1": 8.499999999999998,
    "0.1_0.7_0.1_0.3": 6.861111111111111,
    "0.1_0.7_0.1_0.5": 7.472222222222221,
    "0.1_0.7_0.1_0.7": 7.972222222222223,
    "0.1_0.7_0.3_0.1": 9.666666666666666,
    "0.1_0.7_0.3_0.3": 9.805555555555554,
    "0.1_0.7_0.3_0.5": 8.166666666666666,
    "0.1_0.7_0.3_0.7": 8.055555555555557,
    "0.1_0.7_0.5_0.1": 9.61111111111111,
    "0.1_0.7_0.5_0.3": 8.694444444444443,
    "0.1_0.7_0.5_0.5": 5.3888888888888875,
    "0.1_0.7_0.5_0.7": 8.444444444444443,
    "0.1_0.7_0.7_0.1": 10.250000000000002,
    "0.1_0.7_0.7_0.3": 9.194444444444445,
    "0.1_0.7_0.7_0.5": 8.055555555555554,
    "0.1_0.7_0.7_0.7": 7.666666666666668,
    "0.3_0.1_0.1_0.1": 26.333333333333332,
    "0.3_0.1_0.1_0.3": 27.611111111111114,
    "0.3_0.1_0.1_0.5": 26.888888888888893,
    "0.3_0.1_0.1_0.7": 26.444444444444443,
    "0.3_0.1_0.3_0.1": 20.72222222222222,
    "0.3_0.1_0.3_0.3": 22.16666666666667,
    "0.3_0.1_0.3_0.5": 21.111111111111107,
    "0.3_0.1_0.3_0.7": 20.333333333333336,
    "0.3_0.1_0.5_0.1": 17.52777777777778,
    "0.3_0.1_0.5_0.3": 16.166666666666668,
    "0.3_0.1_0.5_0.5": 17.38888888888889,
    "0.3_0.1_0.5_0.7": 16.944444444444446,
    "0.3_0.1_0.7_0.1": 13.250000000000002,
    "0.3_0.1_0.7_0.3": 16.77777777777778,
    "0.3_0.1_0.7_0.5": 15.11111111111111,
    "0.3_0.1_0.7_0.7": 15.13888888888889,
    "0.3_0.3_0.1_0.1": 17.361111111111114,
    "0.3_0.3_0.1_0.3": 17.47222222222222,
    "0.3_0.3_0.1_0.5": 16.166666666666664,
    "0.3_0.3_0.1_0.7": 15.500000000000002,
    "0.3_0.3_0.3_0.1": 16.36111111111111,
    "0.3_0.3_0.3_0.3": 15.86111111111111,
    "0.3_0.3_0.3_0.5": 15.666666666666666,
    "0.3_0.3_0.3_0.7": 14.11111111111111,
    "0.3_0.3_0.5_0.1": 14.38888888888889,
    "0.3_0.3_0.5_0.3": 15.944444444444446,
    "0.3_0.3_0.5_0.5": 16.194444444444443,
    "0.3_0.3_0.5_0.7": 19.666666666666664,
    "0.3_0.3_0.7_0.1": 13.888888888888888,
    "0.3_0.3_0.7_0.3": 14.11111111111111,
    "0.3_0.3_0.7_0.5": 14.694444444444443,
    "0.3_0.3_0.7_0.7": 14.36111111111111,
    "0.3_0.5_0.1_0.1": 14.86111111111111,
    "0.3_0.5_0.1_0.3": 14.916666666666668,
    "0.3_0.5_0.1_0.5": 14.222222222222221,
    "0.3_0.5_0.1_0.7": 14.222222222222221,
    "0.3_0.5_0.3_0.1": 16.361111111111114,
    "0.3_0.5_0.3_0.3": 14.388888888888888,
    "0.3_0.5_0.3_0.5": 13.555555555555557,
    "0.3_0.5_0.3_0.7": 14.194444444444445,
    "0.3_0.5_0.5_0.1": 15.083333333333334,
    "0.3_0.5_0.5_0.3": 15.583333333333332,
    "0.3_0.5_0.5_0.5": 15.194444444444446,
    "0.3_0.5_0.5_0.7": 13.027777777777779,
    "0.3_0.5_0.7_0.1": 12.11111111111111,
    "0.3_0.5_0.7_0.3": 13.63888888888889,
    "0.3_0.5_0.7_0.5": 12.75,
    "0.3_0.5_0.7_0.7": 13.36111111111111,
    "0.3_0.7_0.1_0.1": 10.805555555555554,
    "0.3_0.7_0.1_0.3": 12.777777777777777,
    "0.3_0.7_0.1_0.5": 13.500000000000002,
    "0.3_0.7_0.1_0.7": 13.86111111111111,
    "0.3_0.7_0.3_0.1": 15.083333333333334,
    "0.3_0.7_0.3_0.3": 13.5,
    "0.3_0.7_0.3_0.5": 9.36111111111111,
    "0.3_0.7_0.3_0.7": 11.249999999999998,
    "0.3_0.7_0.5_0.1": 12.722222222222221,
    "0.3_0.7_0.5_0.3": 12.055555555555557,
    "0.3_0.7_0.5_0.5": 11.11111111111111,
    "0.3_0.7_0.5_0.7": 13.888888888888888,
    "0.3_0.7_0.7_0.1": 11.749999999999998,
    "0.3_0.7_0.7_0.3": 12.5,
    "0.3_0.7_0.7_0.5": 13.555555555555555,
    "0.3_0.7_0.7_0.7": 10.527777777777779,
    "0.5_0.1_0.1_0.1": 28.583333333333332,
    "0.5_0.1_0.1_0.3": 29.388888888888886,
    "0.5_0.1_0.1_0.5": 28.72222222222222,
    "0.5_0.1_0.1_0.7": 25.861111111111107,
    "0.5_0.1_0.3_0.1": 26.444444444444443,
    "0.5_0.1_0.3_0.3": 24.22222222222222,
    "0.5_0.1_0.3_0.5": 23.555555555555557,
    "0.5_0.1_0.3_0.7": 25.999999999999996,
    "0.5_0.1_0.5_0.1": 22.88888888888889,
    "0.5_0.1_0.5_0.3": 24.02777777777778,
    "0.5_0.1_0.5_0.5": 22.25,
    "0.5_0.1_0.5_0.7": 23.805555555555557,
    "0.5_0.1_0.7_0.1": 22.16666666666667,
    "0.5_0.1_0.7_0.3": 21.083333333333336,
    "0.5_0.1_0.7_0.5": 22.055555555555554,
    "0.5_0.1_0.7_0.7": 19.305555555555554,
    "0.5_0.3_0.1_0.1": 19.111111111111107,
    "0.5_0.3_0.1_0.3": 20.027777777777775,
    "0.5_0.3_0.1_0.5": 20.944444444444446,
    "0.5_0.3_0.1_0.7": 21.083333333333336,
    "0.5_0.3_0.3_0.1": 21.444444444444446,
    "0.5_0.3_0.3_0.3": 23.16666666666667,
    "0.5_0.3_0.3_0.5": 22.083333333333336,
    "0.5_0.3_0.3_0.7": 19.055555555555557,
    "0.5_0.3_0.5_0.1": 20.222222222222225,
    "0.5_0.3_0.5_0.3": 21.944444444444443,
    "0.5_0.3_0.5_0.5": 23.583333333333336,
    "0.5_0.3_0.5_0.7": 22.666666666666664,
    "0.5_0.3_0.7_0.1": 23.333333333333336,
    "0.5_0.3_0.7_0.3": 19.666666666666664,
    "0.5_0.3_0.7_0.5": 18.86111111111111,
    "0.5_0.3_0.7_0.7": 22.36111111111111,
    "0.5_0.5_0.1_0.1": 16.055555555555557,
    "0.5_0.5_0.1_0.3": 13.888888888888888,
    "0.5_0.5_0.1_0.5": 18.27777777777778,
    "0.5_0.5_0.1_0.7": 15.250000000000002,
    "0.5_0.5_0.3_0.1": 18.25,
    "0.5_0.5_0.3_0.3": 15.500000000000002,
    "0.5_0.5_0.3_0.5": 17.416666666666664,
    "0.5_0.5_0.3_0.7": 16.444444444444443,
    "0.5_0.5_0.5_0.1": 20.444444444444443,
    "0.5_0.5_0.5_0.3": 20.277777777777775,
    "0.5_0.5_0.5_0.5": 17.333333333333336,
    "0.5_0.5_0.5_0.7": 16.333333333333332,
    "0.5_0.5_0.7_0.1": 20.694444444444443,
    "0.5_0.5_0.7_0.3": 17.86111111111111,
    "0.5_0.5_0.7_0.5": 21.86111111111111,
    "0.5_0.5_0.7_0.7": 18.444444444444446,
    "0.5_0.7_0.1_0.1": 15.083333333333334,
    "0.5_0.7_0.1_0.3": 12.583333333333332,
    "0.5_0.7_0.1_0.5": 13.583333333333334,
    "0.5_0.7_0.1_0.7": 18.111111111111114,
    "0.5_0.7_0.3_0.1": 14.222222222222221,
    "0.5_0.7_0.3_0.3": 16.75,
    "0.5_0.7_0.3_0.5": 19.166666666666664,
    "0.5_0.7_0.3_0.7": 15.472222222222223,
    "0.5_0.7_0.5_0.1": 20.472222222222225,
    "0.5_0.7_0.5_0.3": 18.444444444444443,
    "0.5_0.7_0.5_0.5": 21.027777777777775,
    "0.5_0.7_0.5_0.7": 21.472222222222225,
    "0.5_0.7_0.7_0.1": 18.694444444444443,
    "0.5_0.7_0.7_0.3": 23.38888888888889,
    "0.5_0.7_0.7_0.5": 18.25,