{
    "0.1_0.1_0.1_0.1": 6.75,
    "0.1_0.1_0.1_0.3": 8.055555555555557,
    "0.1_0.1_0.1_0.5": 5.416666666666668,
    "0.1_0.1_0.1_0.7": 5.388888888888889,
    "0.1_0.1_0.3_0.1": 4.055555555555555,
    "0.1_0.1_0.3_0.3": 4.944444444444445,
    "0.1_0.1_0.3_0.5": 3.3888888888888893,
    "0.1_0.1_0.3_0.7": 4.8611111111111125,
    "0.1_0.1_0.5_0.1": 4.777777777777778,
    "0.1_0.1_0.5_0.3": 1.8611111111111107,
    "0.1_0.1_0.5_0.5": 3.833333333333332,
    "0.1_0.1_0.5_0.7": 3.666666666666666,
    "0.1_0.1_0.7_0.1": 3.8055555555555562,
    "0.1_0.1_0.7_0.3": 4.25,
    "0.1_0.1_0.7_0.5": 3.333333333333333,
    "0.1_0.1_0.7_0.7": 2.7222222222222214,
    "0.1_0.3_0.1_0.1": 5.194444444444445,
    "0.1_0.3_0.1_0.3": 7.750000000000002,
    "0.1_0.3_0.1_0.5": 6.5,
    "0.1_0.3_0.1_0.7": 4.638888888888889,
    "0.1_0.3_0.3_0.1": 3.9444444444444446,
    "0.1_0.3_0.3_0.3": 4.083333333333333,
    "0.1_0.3_0.3_0.5": 4.75,
    "0.1_0.3_0.3_0.7": 6.555555555555555,
    "0.1_0.3_0.5_0.1": 2.8055555555555554,
    "0.1_0.3_0.5_0.3": 5.055555555555556,
    "0.1_0.3_0.5_0.5": 4.916666666666666,
    "0.1_0.3_0.5_0.7": 3.9722222222222214,
    "0.1_0.3_0.7_0.1": 3.250000000000001,
    "0.1_0.3_0.7_0.3": 4.666666666666666,
    "0.1_0.3_0.7_0.5": 2.8611111111111107,
    "0.1_0.3_0.7_0.7": 2.6388888888888893,
    "0.1_0.5_0.1_0.1": 4.277777777777777,
    "0.1_0.5_0.1_0.3": 3.583333333333334,
    "0.1_0.5_0.1_0.5": 5.472222222222221,
    "0.1_0.5_0.1_0.7": 5.722222222222221,
    "0.1_0.5_0.3_0.1": 5.055555555555555,
    "0.1_0.5_0.3_0.3": 3.027777777777777,
    "0.1_0.5_0.3_0.5": 3.0555555555555554,
    "0.1_0.5_0.3_0.7": 2.9444444444444438,
    "0.1_0.5_0.5_0.1": 3.6388888888888884,
    "0.1_0.5_0.5_0.3": 4.722222222222223,
    "0.1_0.5_0.5_0.5": 6.277777777777778,
    "0.1_0.5_0.5_0.7": 0.9722222222222214,
    "0.1_0.5_0.7_0.1": 2.9444444444444446,
    "0.1_0.5_0.7_0.3": 2.9722222222222214,
    "0.1_0.5_0.7_0.5": 3.749999999999999,
    "0.1_0.5_0.7_0.7": 2.1111111111111107,
    "0.1_0.7_0.1_0.1": 4.166666666666667,
    "0.1_0.7_0.1_0.3": 2.3055555555555562,
    "0.1_0.7_0.1_0.5": 2.7222222222222214,
    "0.1_0.7_0.1_0.7": 2.9722222222222223,
    "0.1_0.7_0.3_0.1": 6.333333333333333,
    "0.1_0.7_0.3_0.3": 3.6388888888888893,
    "0.1_0.7_0.3_0.5": 3.2222222222222223,
    "0.1_0.7_0.3_0.7": 2.1388888888888893,
    "0.1_0.7_0.5_0.1": 4.638888888888888,
    "0.1_0.7_0.5_0.3": 3.777777777777777,
    "0.1_0.7_0.5_0.5": 1.916666666666667,
    "0.1_0.7_0.5_0.7": 1.583333333333333,
    "0.1_0.7_0.7_0.1": 3.333333333333334,
    "0.1_0.7_0.7_0.3": 2.166666666666666,
    "0.1_0.7_0.7_0.5": 4.472222222222221,
    "0.1_0.7_0.7_0.7": 3.833333333333334,
    "0.3_0.1_0.1_0.1": 5.777777777777779,
    "0.3_0.1_0.1_0.3": 4.6111111111111125,
    "0.3_0.1_0.1_0.5": 4.555555555555555,
    "0.3_0.1_0.1_0.7": 6.805555555555554,
    "0.3_0.1_0.3_0.1": 6.194444444444445,
    "0.3_0.1_0.3_0.3": 6.3888888888888875,
    "0.3_0.1_0.3_0.5": 6.277777777777779,
    "0.3_0.1_0.3_0.7": 6.166666666666666,
    "0.3_0.1_0.5_0.1": 4.5,
    "0.3_0.1_0.5_0.3": 7.444444444444445,
    "0.3_0.1_0.5_0.5": 4.805555555555555,
    "0.3_0.1_0.5_0.7": 3.6111111111111125,
    "0.3_0.1_0.7_0.1": 5.527777777777777,
    "0.3_0.1_0.7_0.3": 3.8888888888888893,
    "0.3_0.1_0.7_0.5": 5.305555555555555,
    "0.3_0.1_0.7_0.7": 7.388888888888889,
    "0.3_0.3_0.1_0.1": 6.222222222222221,
    "0.3_0.3_0.1_0.3": 5.944444444444445,
    "0.3_0.3_0.1_0.5": 6.6111111111111125,
    "0.3_0.3_0.1_0.7": 4.944444444444445,
    "0.3_0.3_0.3_0.1": 6.277777777777777,
    "0.3_0.3_0.3_0.3": 5.25,
    "0.3_0.3_0.3_0.5": 7.111111111111111,
    "0.3_0.3_0.3_0.7": 5.416666666666666,
    "0.3_0.3_0.5_0.1": 6.083333333333333,
    "0.3_0.3_0.5_0.3": 5.444444444444445,
    "0.3_0.3_0.5_0.5": 5.222222222222222,
    "0.3_0.3_0.5_0.7": 6.805555555555555,
    "0.3_0.3_0.7_0.1": 4.222222222222221,
    "0.3_0.3_0.7_0.3": 4.361111111111112,
    "0.3_0.3_0.7_0.5": 5.805555555555555,
    "0.3_0.3_0.7_0.7": 6.055555555555556,
    "0.3_0.5_0.1_0.1": 3.6111111111111107,
    "0.3_0.5_0.1_0.3": 6.527777777777777,
    "0.3_0.5_0.1_0.5": 5.3888888888888875,
    "0.3_0.5_0.1_0.7": 4.0,
    "0.3_0.5_0.3_0.1": 5.138888888888889,
    "0.3_0.5_0.3_0.3": 5.416666666666666,
    "0.3_0.5_0.3_0.5": 4.333333333333334,
    "0.3_0.5_0.3_0.7": 6.138888888888889,
    "0.3_0.5_0.5_0.1": 5.499999999999999,
    "0.3_0.5_0.5_0.3": 3.777777777777777,
    "0.3_0.5_0.5_0.5": 4.611111111111112,
    "0.3_0.5_0.5_0.7": 2.5,
    "0.3_0.5_0.7_0.1": 5.861111111111111,
    "0.3_0.5_0.7_0.3": 4.638888888888889,
    "0.3_0.5_0.7_0.5": 3.833333333333333,
    "0.3_0.5_0.7_0.7": 4.111111111111112,
    "0.3_0.7_0.1_0.1": 5.722222222222222,
    "0.3_0.7_0.1_0.3": 4.861111111111111,
    "0.3_0.7_0.1_0.5": 5.027777777777778,
    "0.3_0.7_0.1_0.7": 4.972222222222223,
    "0.3_0.7_0.3_0.1": 4.027777777777777,
    "0.3_0.7_0.3_0.3": 3.2777777777777777,
    "0.3_0.7_0.3_0.5": 3.333333333333334,
    "0.3_0.7_0.3_0.7": 3.6944444444444446,
    "0.3_0.7_0.5_0.1": 5.333333333333333,
    "0.3_0.7_0.5_0.3": 5.083333333333333,
    "0.3_0.7_0.5_0.5": 4.166666666666667,
    "0.3_0.7_0.5_0.7": 3.4444444444444446,
    "0.3_0.7_0.7_0.1": 3.583333333333333,
    "0.3_0.7_0.7_0.3": 5.138888888888889,
    "0.3_0.7_0.7_0.5": 1.8611111111111116,
    "0.3_0.7_0.7_0.7": 2.5277777777777786,
    "0.5_0.1_0.1_0.1": 9.11111111111111,
    "0.5_0.1_0.1_0.3": 6.111111111111111,
    "0.5_0.1_0.1_0.5": 6.0,
    "0.5_0.1_0.1_0.7": 5.916666666666666,
    "0.5_0.1_0.3_0.1": 6.138888888888889,
    "0.5_0.1_0.3_0.3": 7.6388888888888875,
    "0.5_0.1_0.3_0.5": 6.694444444444445,
    "0.5_0.1_0.3_0.7": 6.916666666666666,
    "0.5_0.1_0.5_0.1": 9.472222222222221,
    "0.5_0.1_0.5_0.3": 4.555555555555555,
    "0.5_0.1_0.5_0.5": 7.361111111111111,
    "0.5_0.1_0.5_0.7": 8.055555555555557,
    "0.5_0.1_0.7_0.1": 6.777777777777779,
    "0.5_0.1_0.7_0.3": 7.083333333333333,
    "0.5_0.1_0.7_0.5": 6.083333333333334,
    "0.5_0.1_0.7_0.7": 6.1111111111111125,
    "0.5_0.3_0.1_0.1": 6.111111111111111,
    "0.5_0.3_0.1_0.3": 4.25,
    "0.5_0.3_0.1_0.5": 6.916666666666666,
    "0.5_0.3_0.1_0.7": 8.194444444444445,
    "0.5_0.3_0.3_0.1": 6.472222222222221,
    "0.5_0.3_0.3_0.3": 4.944444444444445,
    "0.5_0.3_0.3_0.5": 3.6111111111111125,
    "0.5_0.3_0.3_0.7": 5.777777777777779,
    "0.5_0.3_0.5_0.1": 6.666666666666666,
    "0.5_0.3_0.5_0.3": 7.861111111111111,
    "0.5_0.3_0.5_0.5": 5.722222222222223,
    "0.5_0.3_0.5_0.7": 6.833333333333332,
    "0.5_0.3_0.7_0.1": 6.75,
    "0.5_0.3_0.7_0.3": 5.833333333333332,
    "0.5_0.3_0.7_0.5": 4.333333333333332,
    "0.5_0.3_0.7_0.7": 5.972222222222223,
    "0.5_0.5_0.1_0.1": 4.111111111111111,
    "0.5_0.5_0.1_0.3": 5.722222222222221,
    "0.5_0.5_0.1_0.5": 6.333333333333334,
    "0.5_0.5_0.1_0.7": 6.055555555555555,
    "0.5_0.5_0.3_0.1": 8.055555555555555,
    "0.5_0.5_0.3_0.3": 2.9722222222222214,
    "0.5_0.5_0.3_0.5": 5.111111111111111,
    "0.5_0.5_0.3_0.7": 4.611111111111111,
    "0.5_0.5_0.5_0.1": 5.333333333333333,
    "0.5_0.5_0.5_0.3": 5.555555555555555,
    "0.5_0.5_0.5_0.5": 6.055555555555556,
    "0.5_0.5_0.5_0.7": 5.75,
    "0.5_0.5_0.7_0.1": 4.166666666666666,
    "0.5_0.5_0.7_0.3": 8.222222222222221,
    "0.5_0.5_0.7_0.5": 7.416666666666667,
    "0.5_0.5_0.7_0.7": 8.472222222222223,
    "0.5_0.7_0.1_0.1": 3.333333333333334,
    "0.5_0.7_0.1_0.3": 5.194444444444444,
    "0.5_0.7_0.1_0.5": 4.638888888888889,
    "0.5_0.7_0.1_0.7": 5.444444444444445,
    "0.5_0.7_0.3_0.1": 4.972222222222222,
    "0.5_0.7_0.3_0.3": 6.638888888888889,
    "0.5_0.7_0.3_0.5": 5.194444444444445,
    "0.5_0.7_0.3_0.7": 4.194444444444445,
    "0.5_0.7_0.5_0.1": 6.166666666666667,
    "0.5_0.7_0.5_0.3": 6.444444444444444,
    "0.5_0.7_0.5_0.5": 5.999999999999999,
    "0.5_0.7_0.5_0.7": 5.416666666666666,
    "0.5_0.7_0.7_0.1": 8.75,
    "0.5_0.7_0.7_0.3": 5.583333333333334,
    "0.5_0.7_0.7_0.5": 6.388888888888889,
    "0.5_0.7_0.7_0.7": 6.861111111111111,
    "0.7_0.1_0.1_0.1": 6.749999999999998,