{
    "0.6_0.1_0.1_0.2": 339.75,
    "0.6_0.1_0.1_0.3": 345.08333333333337,
    "0.6_0.1_0.1_0.4": 336.0277777777777,
    "0.6_0.1_0.2_0.2": 332.75,
    "0.6_0.1_0.2_0.3": 332.94444444444446,
    "0.6_0.1_0.2_0.4": 337.41666666666663,
    "0.6_0.1_0.3_0.2": 337.55555555555554,
    "0.6_0.1_0.3_0.3": 333.0,
    "0.6_0.1_0.3_0.4": 326.30555555555554,
    "0.6_0.2_0.1_0.2": 277.75,
    "0.6_0.2_0.1_0.3": 296.25,
    "0.6_0.2_0.1_0.4": 294.7222222222222,
    "0.6_0.2_0.2_0.2": 292.44444444444446,
    "0.6_0.2_0.2_0.3": 294.94444444444446,
    "0.6_0.2_0.2_0.4": 286.66666666666663,
    "0.6_0.2_0.3_0.2": 303.25,
    "0.6_0.2_0.3_0.3": 286.1388888888889,
    "0.6_0.2_0.3_0.4": 295.13888888888886
}