{
    "0.6_0.1_0.1_0.2": 341.44444444444446,
    "0.6_0.1_0.1_0.3": 343.08333333333337,
    "0.6_0.1_0.1_0.4": 341.66666666666663,
    "0.6_0.1_0.2_0.2": 328.4444444444444,
    "0.6_0.1_0.2_0.3": 338.33333333333337,
    "0.6_0.1_0.2_0.4": 325.3888888888889,
    "0.6_0.1_0.3_0.2": 326.2777777777777,
    "0.6_0.1_0.3_0.3": 322.4722222222223,
    "0.6_0.1_0.3_0.4": 327.27777777777777,
    "0.6_0.2_0.1_0.2": 280.4722222222222,
    "0.6_0.2_0.1_0.3": 283.16666666666663,
    "0.6_0.2_0.1_0.4": 281.4166666666667,
    "0.6_0.2_0.2_0.2": 288.1111111111111,
    "0.6_0.2_0.2_0.3": 285.47222222222223,
    "0.6_0.2_0.2_0.4": 280.13888888888886,
    "0.6_0.2_0.3_0.2": 287.25,
    "0.6_0.2_0.3_0.3": 292.52777777777777,
    "0.6_0.2_0.3_0.4": 293.83333333333337
}