{
    "0.1_0.1_0.1_0.1": 14.944444444444445,
    "0.1_0.1_0.1_0.3": 16.055555555555557,
    "0.1_0.1_0.1_0.5": 17.0,
    "0.1_0.1_0.1_0.7": 13.500000000000002,
    "0.1_0.1_0.3_0.1": 10.666666666666666,
    "0.1_0.1_0.3_0.3": 8.055555555555554,
    "0.1_0.1_0.3_0.5": 11.833333333333332,
    "0.1_0.1_0.3_0.7": 11.86111111111111,
    "0.1_0.1_0.5_0.1": 8.388888888888888,
    "0.1_0.1_0.5_0.3": 8.972222222222223,
    "0.1_0.1_0.5_0.5": 7.222222222222221,
    "0.1_0.1_0.5_0.7": 10.61111111111111,
    "0.1_0.1_0.7_0.1": 5.305555555555555,
    "0.1_0.1_0.7_0.3": 6.638888888888889,
    "0.1_0.1_0.7_0.5": 6.666666666666668,
    "0.1_0.1_0.7_0.7": 5.277777777777777,
    "0.1_0.3_0.1_0.1": 12.000000000000002,
    "0.1_0.3_0.1_0.3": 13.63888888888889,
    "0.1_0.3_0.1_0.5": 10.111111111111112,
    "0.1_0.3_0.1_0.7": 10.305555555555555,
    "0.1_0.3_0.3_0.1": 9.5,
    "0.1_0.3_0.3_0.3": 9.555555555555557,
    "0.1_0.3_0.3_0.5": 8.611111111111112,
    "0.1_0.3_0.3_0.7": 8.694444444444445,
    "0.1_0.3_0.5_0.1": 7.750000000000002,
    "0.1_0.3_0.5_0.3": 7.166666666666666,
    "0.1_0.3_0.5_0.5": 7.833333333333333,
    "0.1_0.3_0.5_0.7": 8.61111111111111,
    "0.1_0.3_0.7_0.1": 8.222222222222221,
    "0.1_0.3_0.7_0.3": 7.25,
    "0.1_0.3_0.7_0.5": 6.8888888888888875,
    "0.1_0.3_0.7_0.7": 5.166666666666666,
    "0.1_0.5_0.1_0.1": 7.833333333333334,
    "0.1_0.5_0.1_0.3": 9.694444444444446,
    "0.1_0.5_0.1_0.5": 11.38888888888889,
    "0.1_0.5_0.1_0.7": 11.944444444444446,
    "0.1_0.5_0.3_0.1": 8.972222222222221,
    "0.1_0.5_0.3_0.3": 8.250000000000002,
    "0.1_0.5_0.3_0.5": 7.916666666666666,
    "0.1_0.5_0.3_0.7": 7.083333333333334,
    "0.1_0.5_0.5_0.1": 7.138888888888889,
    "0.1_0.5_0.5_0.3": 6.861111111111111,
    "0.1_0.5_0.5_0.5": 6.277777777777779,
    "0.1_0.5_0.5_0.7": 6.999999999999999,
    "0.1_0.5_0.7_0.1": 5.194444444444445,
    "0.1_0.5_0.7_0.3": 6.25,
    "0.1_0.5_0.7_0.5": 6.222222222222222,
    "0.1_0.5_0.7_0.7": 5.138888888888889,
    "0.1_0.7_0.1_0.1": 6.805555555555555,
    "0.1_0.7_0.1_0.3": 6.666666666666666,
    "0.1_0.7_0.1_0.5": 5.416666666666668,
    "0.1_0.7_0.1_0.7": 6.416666666666666,
    "0.1_0.7_0.3_0.1": 7.3888888888888875,
    "0.1_0.7_0.3_0.3": 6.083333333333333,
    "0.1_0.7_0.3_0.5": 7.416666666666666,
    "0.1_0.7_0.3_0.7": 6.75,
    "0.1_0.7_0.5_0.1": 6.527777777777777,
    "0.1_0.7_0.5_0.3": 5.027777777777778,
    "0.1_0.7_0.5_0.5": 4.166666666666667,
    "0.1_0.7_0.5_0.7": 6.527777777777777,
    "0.1_0.7_0.7_0.1": 6.694444444444445,
    "0.1_0.7_0.7_0.3": 6.638888888888888,
    "0.1_0.7_0.7_0.5": 6.750000000000001,
    "0.1_0.7_0.7_0.7": 5.25,
    "0.3_0.1_0.1_0.1": 16.47222222222222,
    "0.3_0.1_0.1_0.3": 14.111111111111112,
    "0.3_0.1_0.1_0.5": 17.638888888888886,
    "0.3_0.1_0.1_0.7": 16.805555555555554,
    "0.3_0.1_0.3_0.1": 14.527777777777779,
    "0.3_0.1_0.3_0.3": 15.25,
    "0.3_0.1_0.3_0.5": 13.444444444444443,
    "0.3_0.1_0.3_0.7": 14.61111111111111,
    "0.3_0.1_0.5_0.1": 8.916666666666668,
    "0.3_0.1_0.5_0.3": 10.055555555555557,
    "0.3_0.1_0.5_0.5": 9.222222222222221,
    "0.3_0.1_0.5_0.7": 8.500000000000002,
    "0.3_0.1_0.7_0.1": 10.083333333333332,
    "0.3_0.1_0.7_0.3": 8.38888888888889,
    "0.3_0.1_0.7_0.5": 8.61111111111111,
    "0.3_0.1_0.7_0.7": 8.388888888888888,
    "0.3_0.3_0.1_0.1": 14.722222222222221,
    "0.3_0.3_0.1_0.3": 15.472222222222223,
    "0.3_0.3_0.1_0.5": 13.13888888888889,
    "0.3_0.3_0.1_0.7": 11.277777777777779,
    "0.3_0.3_0.3_0.1": 10.555555555555557,
    "0.3_0.3_0.3_0.3": 11.277777777777779,
    "0.3_0.3_0.3_0.5": 11.750000000000002,
    "0.3_0.3_0.3_0.7": 11.805555555555557,
    "0.3_0.3_0.5_0.1": 9.388888888888888,
    "0.3_0.3_0.5_0.3": 11.027777777777777,
    "0.3_0.3_0.5_0.5": 10.36111111111111,
    "0.3_0.3_0.5_0.7": 7.444444444444446,
    "0.3_0.3_0.7_0.1": 8.416666666666668,
    "0.3_0.3_0.7_0.3": 10.277777777777779,
    "0.3_0.3_0.7_0.5": 9.416666666666668,
    "0.3_0.3_0.7_0.7": 10.055555555555554,
    "0.3_0.5_0.1_0.1": 11.083333333333332,
    "0.3_0.5_0.1_0.3": 9.0,
    "0.3_0.5_0.1_0.5": 11.722222222222223,
    "0.3_0.5_0.1_0.7": 5.666666666666666,
    "0.3_0.5_0.3_0.1": 11.38888888888889,
    "0.3_0.5_0.3_0.3": 6.972222222222221,
    "0.3_0.5_0.3_0.5": 8.888888888888888,
    "0.3_0.5_0.3_0.7": 8.222222222222221,
    "0.3_0.5_0.5_0.1": 10.25,
    "0.3_0.5_0.5_0.3": 8.888888888888888,
    "0.3_0.5_0.5_0.5": 11.36111111111111,
    "0.3_0.5_0.5_0.7": 9.527777777777779,
    "0.3_0.5_0.7_0.1": 8.027777777777777,
    "0.3_0.5_0.7_0.3": 5.555555555555555,
    "0.3_0.5_0.7_0.5": 7.027777777777777,
    "0.3_0.5_0.7_0.7": 6.3888888888888875,
    "0.3_0.7_0.1_0.1": 8.777777777777779,
    "0.3_0.7_0.1_0.3": 8.305555555555555,
    "0.3_0.7_0.1_0.5": 9.36111111111111,
    "0.3_0.7_0.1_0.7": 10.055555555555554,
    "0.3_0.7_0.3_0.1": 7.333333333333332,
    "0.3_0.7_0.3_0.3": 8.972222222222221,
    "0.3_0.7_0.3_0.5": 7.777777777777777,
    "0.3_0.7_0.3_0.7": 6.25,
    "0.3_0.7_0.5_0.1": 8.11111111111111,
    "0.3_0.7_0.5_0.3": 6.1111111111111125,
    "0.3_0.7_0.5_0.5": 6.6111111111111125,
    "0.3_0.7_0.5_0.7": 9.416666666666666,
    "0.3_0.7_0.7_0.1": 8.722222222222221,
    "0.3_0.7_0.7_0.3": 7.138888888888889,
    "0.3_0.7_0.7_0.5": 6.027777777777779,
    "0.3_0.7_0.7_0.7": 4.694444444444445,
    "0.5_0.1_0.1_0.1": 17.583333333333336,
    "0.5_0.1_0.1_0.3": 19.555555555555554,
    "0.5_0.1_0.1_0.5": 19.444444444444446,
    "0.5_0.1_0.1_0.7": 14.750000000000002,
    "0.5_0.1_0.3_0.1": 15.0,
    "0.5_0.1_0.3_0.3": 15.86111111111111,
    "0.5_0.1_0.3_0.5": 19.22222222222222,
    "0.5_0.1_0.3_0.7": 14.055555555555555,
    "0.5_0.1_0.5_0.1": 13.88888888888889,
    "0.5_0.1_0.5_0.3": 15.666666666666666,
    "0.5_0.1_0.5_0.5": 16.0,
    "0.5_0.1_0.5_0.7": 14.333333333333332,
    "0.5_0.1_0.7_0.1": 13.305555555555554,
    "0.5_0.1_0.7_0.3": 12.88888888888889,
    "0.5_0.1_0.7_0.5": 12.694444444444445,
    "0.5_0.1_0.7_0.7": 14.027777777777779,
    "0.5_0.3_0.1_0.1": 13.833333333333334,
    "0.5_0.3_0.1_0.3": 15.833333333333334,
    "0.5_0.3_0.1_0.5": 14.36111111111111,
    "0.5_0.3_0.1_0.7": 13.61111111111111,
    "0.5_0.3_0.3_0.1": 15.305555555555557,
    "0.5_0.3_0.3_0.3": 16.416666666666664,
    "0.5_0.3_0.3_0.5": 12.63888888888889,
    "0.5_0.3_0.3_0.7": 14.222222222222223,
    "0.5_0.3_0.5_0.1": 10.38888888888889,
    "0.5_0.3_0.5_0.3": 11.972222222222221,
    "0.5_0.3_0.5_0.5": 10.361111111111112,
    "0.5_0.3_0.5_0.7": 13.194444444444446,
    "0.5_0.3_0.7_0.1": 9.194444444444443,
    "0.5_0.3_0.7_0.3": 10.333333333333332,
    "0.5_0.3_0.7_0.5": 9.972222222222223,
    "0.5_0.3_0.7_0.7": 13.472222222222223,
    "0.5_0.5_0.1_0.1": 14.166666666666668,
    "0.5_0.5_0.1_0.3": 10.527777777777777,
    "0.5_0.5_0.1_0.5": 12.527777777777777,
    "0.5_0.5_0.1_0.7": 12.666666666666668,
    "0.5_0.5_0.3_0.1": 13.416666666666666,
    "0.5_0.5_0.3_0.3": 10.527777777777779,
    "0.5_0.5_0.3_0.5": 13.083333333333334,
    "0.5_0.5_0.3_0.7": 10.0,
    "0.5_0.5_0.5_0.1": 11.805555555555554,
    "0.5_0.5_0.5_0.3": 9.416666666666666,
    "0.5_0.5_0.5_0.5": 9.944444444444446,
    "0.5_0.5_0.5_0.7": 12.111111111111112,
    "0.5_0.5_0.7_0.1": 12.36111111111111,
    "0.5_0.5_0.7_0.3": 11.499999999999998,
    "0.5_0.5_0.7_0.5": 13.055555555555557,
    "0.5_0.5_0.7_0.7": 10.555555555555554,
    "0.5_0.7_0.1_0.1": 11.61111111111111,
    "0.5_0.7_0.1_0.3": 9.944444444444445,
    "0.5_0.7_0.1_0.5": 10.86111111111111,
    "0.5_0.7_0.1_0.7": 11.694444444444445,
    "0.5_0.7_0.3_0.1": 11.444444444444445,
    "0.5_0.7_0.3_0.3": 13.11111111111111,
    "0.5_0.7_0.3_0.5": 13.305555555555557,
    "0.5_0.7_0.3_0.7": 9.527777777777777,
    "0.5_0.7_0.5_0.1": 11.305555555555554,
    "0.5_0.7_0.5_0.3": 10.694444444444443,
    "0.5_0.7_0.5_0.5": 13.277777777777777,
    "0.5_0.7_0.5_0.7": 14.166666666666666,
    "0.5_0.7_0.7_0.1": 12.444444444444446,
    "0.5_0.7_0.7_0.3": 14.027777777777777,
    "0.5_0.7_0.7_0.5": 12.527777777777777,
    "0.5_0.7_0.7_0.7": 10.833333333333334,