Wall time,Step,Value
1660428089.3734148,127,15.0
1660428206.5229533,255,17.0
1660428313.4913518,383,20.0
1660428429.1454978,511,13.0
1660428534.7550535,639,17.0
1660428641.2749887,767,19.0
1660428755.5802362,895,14.0
1660428872.0831158,1023,15.0
1660428979.1638067,1151,20.0
1660429085.0879753,1279,19.0
1660429202.9518993,1407,25.0
1660429310.285568,1535,18.0
1660429425.941635,1663,23.0
1660429531.9411678,1791,24.0
1660429640.8507504,1919,25.0
1660429761.498617,2047,27.0
