Wall time,Step,Value
1660408819.7837396,127,14.0
1660408929.9577227,255,17.0
1660409042.792789,383,19.0
1660409155.9752228,511,15.0
1660409261.65837,639,17.0
1660409370.3655124,767,20.0
1660409485.7286801,895,20.0
1660409602.5727897,1023,20.0
1660409708.82611,1151,14.0
1660409814.185225,1279,18.0
1660409923.5854769,1407,19.0
1660410036.2342396,1535,20.0
1660410150.6450226,1663,24.0
1660410255.0171733,1791,21.0
1660410360.1222014,1919,14.0
1660410467.0138323,2047,22.0
