Wall time,Step,Value
1660422444.980789,127,91.0
1660423303.889254,255,92.0
1660424255.8367896,383,95.0
1660425159.689026,511,94.0
1660426103.0531247,639,86.0
1660427035.053007,767,103.0
1660427933.107273,895,92.0
1660428894.541806,1023,101.0
1660429877.6168334,1151,114.0
1660430846.8289135,1279,112.0
1660431804.7711413,1407,97.0
1660432807.4441497,1535,114.0
1660433818.27809,1663,109.0
1660434838.2972622,1791,112.0
1660435860.196224,1919,115.0
1660436883.2328641,2047,122.0
