Wall time,Step,Value
1660421602.7220821,127,74.0
1660422538.2106326,255,71.0
1660423456.1938014,383,84.0
1660424352.8103564,511,92.0
1660425229.3493319,639,87.0
1660426162.0833254,767,89.0
1660427065.301169,895,107.0
1660427955.4797754,1023,104.0
1660428897.8055854,1151,83.0
1660429847.6739838,1279,98.0
1660430787.728705,1407,106.0
1660431693.8063927,1535,108.0
1660432673.4768727,1663,104.0
1660433621.551184,1791,106.0
1660434632.7597597,1919,105.0
1660435623.217809,2047,104.0
