Wall time,Step,Value
1660391855.1190047,127,24.0
1660392017.2903376,255,20.0
1660392174.448098,383,23.0
1660392330.4449925,511,27.0
1660392486.375857,639,23.0
1660392645.1331773,767,27.0
1660392809.3579092,895,27.0
1660392962.3416307,1023,23.0
1660393128.8188596,1151,25.0
1660393293.322592,1279,28.0
1660393447.361222,1407,27.0
1660393606.3771443,1535,37.0
1660393771.7215295,1663,31.0
1660393932.4865928,1791,27.0
1660394091.2378771,1919,33.0
1660394255.9893742,2047,38.0
