Wall time,Step,Value
1660413945.89128,127,29.0
1660414229.1944878,255,32.0
1660414494.841569,383,33.0
1660414776.5672128,511,40.0
1660415049.0887582,639,49.0
1660415332.9349566,767,38.0
1660415598.7898307,895,42.0
1660415880.1082716,1023,46.0
1660416137.230286,1151,52.0
1660416354.8265383,1279,69.0
1660416618.7388625,1407,44.0
1660416890.6447923,1535,41.0
1660417174.0989091,1663,52.0
1660417441.2501678,1791,60.0
1660417711.8671787,1919,49.0
1660417983.5289178,2047,57.0
