Wall time,Step,Value
1660418397.7236462,127,15.0
1660418509.7914023,255,11.0
1660418617.774007,383,7.0
1660418723.2304847,511,18.0
1660418829.305623,639,15.0
1660418941.4555826,767,20.0
1660419057.104353,895,13.0
1660419161.4343035,1023,29.0
1660419268.8372307,1151,11.0
1660419388.783503,1279,14.0
1660419494.296039,1407,17.0
1660419607.4578345,1535,15.0
1660419714.7035577,1663,24.0
1660419821.1147234,1791,19.0
1660419938.4644315,1919,23.0
1660420053.9307997,2047,20.0
