Wall time,Step,Value
1660399254.3581698,127,10.0
1660399362.6707602,255,20.0
1660399467.6166427,383,21.0
1660399575.7009127,511,18.0
1660399684.4542792,639,13.0
1660399786.2405353,767,20.0
1660399891.0279157,895,17.0
1660399996.7612507,1023,20.0
1660400107.7575536,1151,25.0
1660400219.3464706,1279,16.0
1660400320.516157,1407,23.0
1660400426.506332,1535,19.0
1660400534.861397,1663,17.0
1660400643.051706,1791,27.0
1660400750.8296015,1919,27.0
1660400852.6261187,2047,20.0
