Wall time,Step,Value
1660399091.910839,127,67.0
1660399609.4506335,255,54.0
1660400124.7921543,383,64.0
1660400643.5789587,511,68.0
1660401120.1740303,639,63.0
1660401652.2639515,767,79.0
1660402188.127949,895,78.0
1660402735.0223684,1023,68.0
1660403272.9757364,1151,70.0
1660403813.035544,1279,73.0
1660404325.5286117,1407,71.0
1660404878.264899,1535,73.0
1660405440.8020267,1663,66.0
1660406023.7884166,1791,76.0
1660406594.9976509,1919,86.0
1660407172.962096,2047,94.0
