Wall time,Step,Value
1660410983.3034227,127,21.0
1660411145.156074,255,22.0
1660411300.9880986,383,29.0
1660411462.0039303,511,23.0
1660411624.9583206,639,25.0
1660411787.3619263,767,36.0
1660411945.5608268,895,24.0
1660412115.135319,1023,35.0
1660412276.35996,1151,31.0
1660412436.091341,1279,30.0
1660412607.9135153,1407,27.0
1660412773.062582,1535,28.0
1660412927.2162595,1663,35.0
1660413095.6846445,1791,30.0
1660413259.98683,1919,33.0
1660413421.7235625,2047,33.0
