Wall time,Step,Value
1660430262.2730868,127,23.0
1660430431.2983813,255,22.0
1660430588.4679356,383,26.0
1660430758.4288309,511,19.0
1660430916.7656758,639,29.0
1660431075.3336914,767,32.0
1660431239.8833318,895,24.0
1660431401.1515017,1023,24.0
1660431568.575655,1151,26.0
1660431730.8205585,1279,36.0
1660431895.6748166,1407,35.0
1660432062.9303334,1535,22.0
1660432219.81478,1663,32.0
1660432400.5572882,1791,35.0
1660432568.2908826,1919,34.0
1660432728.0790102,2047,31.0
