Wall time,Step,Value
1660407897.582938,127,60.0
1660408476.117991,255,68.0
1660408965.3212993,383,59.0
1660409467.7604973,511,50.0
1660409973.2869318,639,78.0
1660410472.572305,767,61.0
1660410957.322678,895,74.0
1660411481.1497898,1023,69.0
1660412008.7874842,1151,76.0
1660412540.717923,1279,83.0
1660413080.4350975,1407,75.0
1660413580.1674857,1535,77.0
1660414147.5575793,1663,68.0
1660414729.3845572,1791,76.0
1660415306.1187568,1919,87.0
1660415881.6063516,2047,77.0
