Wall time,Step,Value
1660425458.899409,127,56.0
1660426014.7008002,255,64.0
1660426570.2147682,383,62.0
1660427125.9723501,511,65.0
1660427679.1159573,639,59.0
1660428164.7902613,767,79.0
1660428671.4219418,895,72.0
1660429179.496458,1023,70.0
1660429699.4046776,1151,63.0
1660430147.6155107,1279,78.0
1660430693.0548875,1407,78.0
1660431225.2857852,1535,84.0
1660431769.083083,1663,77.0
1660432310.7140105,1791,80.0
1660432835.3684287,1919,83.0
1660433390.040452,2047,84.0
