Wall time,Step,Value
1660401316.9429216,127,22.0
1660401481.1481447,255,40.0
1660401641.5692503,383,17.0
1660401798.4777555,511,19.0
1660401955.6153007,639,27.0
1660402120.475306,767,30.0
1660402281.0112238,895,26.0
1660402435.5955055,1023,27.0
1660402604.690349,1151,36.0
1660402775.2963686,1279,25.0
1660402932.4452958,1407,40.0
1660403097.029285,1535,36.0
1660403259.3369884,1663,29.0
1660403414.7718055,1791,30.0
1660403575.1444855,1919,44.0
1660403743.5803633,2047,26.0
