Wall time,Step,Value
1660499308.7787778,127,84.0
1660500619.7236578,255,92.0
1660501876.0446482,383,99.0
1660503156.7168245,511,97.0
1660504487.9079592,639,103.0
1660505821.2520423,767,97.0
1660507194.8963864,895,100.0
1660508545.9142663,1023,84.0
1660509880.5131838,1151,109.0
1660511135.806094,1279,109.0
1660512426.1829002,1407,118.0
1660513744.8462436,1535,115.0
1660515034.341137,1663,118.0
1660516277.7926614,1791,113.0
1660517500.672421,1919,107.0
1660518795.1217675,2047,116.0
