Wall time,Step,Value
1660416889.107531,127,67.0
1660417450.5406883,255,57.0
1660418008.0565386,383,63.0
1660418489.6992466,511,71.0
1660419006.3136833,639,67.0
1660419524.1603267,767,76.0
1660420033.2227604,895,67.0
1660420500.8767653,1023,74.0
1660421028.6932786,1151,73.0
1660421558.7682838,1279,78.0
1660422097.9867961,1407,81.0
1660422635.1370618,1535,78.0
1660423163.0589323,1663,78.0
1660423703.8467205,1791,84.0
1660424274.1215138,1919,79.0
1660424829.5771616,2047,68.0
