Wall time,Step,Value
1670097006.6752574,127,66.0
1670097962.537166,255,66.0
1670098912.2127488,383,26.0
1670099849.383824,511,28.0
1670100791.4452243,639,34.0
1670101737.500061,767,0.0
1670102676.5995483,895,82.0
1670103599.6579695,1023,64.0
1670104565.6886432,1151,44.0
1670105563.80789,1279,64.0
1670106560.8558774,1407,44.0
1670107566.3086762,1535,52.0
1670108587.8968937,1663,76.0
1670109555.2552662,1791,82.0
1670110581.9694574,1919,82.0
1670111608.0773497,2047,88.0
