Wall time,Step,Value
1670096987.3868716,127,46.0
1670097955.9513535,255,54.0
1670098899.8275187,383,64.0
1670099845.8411095,511,56.0
1670100788.3396614,639,58.0
1670101733.5153186,767,62.0
1670102666.091579,895,66.0
1670103589.8741097,1023,90.0
1670104568.5786195,1151,108.0
1670105553.5750835,1279,76.0
1670106530.2972887,1407,100.0
1670107574.6998062,1535,82.0
1670108570.424665,1663,96.0
1670109547.4937081,1791,94.0
1670110579.9414544,1919,82.0
1670111610.3171165,2047,100.0
