Wall time,Step,Value
1670113610.572557,127,56.0
1670115644.1669095,255,58.0
1670117661.0720115,383,60.0
1670119868.9762964,511,58.0
1670122120.3839607,639,60.0
1670124284.2447984,767,72.0
1670126440.0174546,895,74.0
1670128669.2479858,1023,72.0
1670129986.729035,1151,86.0
1670131301.9796362,1279,104.0
1670132622.267988,1407,88.0
1670133940.1183808,1535,90.0
1670135256.0562472,1663,94.0
1670136556.1462314,1791,74.0
1670137872.9855483,1919,82.0
1670139198.5473788,2047,106.0
