Wall time,Step,Value
1670082037.9242692,127,6.0
1670082966.7072773,255,22.0
1670083854.1798,383,64.0
1670084735.0403404,511,70.0
1670085607.2132232,639,58.0
1670086485.4130545,767,50.0
1670087384.1189773,895,56.0
1670088270.3670397,1023,44.0
1670089172.4529915,1151,74.0
1670090072.9314198,1279,54.0
1670091010.7130723,1407,86.0
1670091946.728507,1535,62.0
1670092930.5802395,1663,68.0
1670093886.5974536,1791,72.0
1670094862.3727415,1919,66.0
1670095794.4568615,2047,100.0
