Wall time,Step,Value
1670112738.069144,127,64.0
1670113674.3788733,255,78.0
1670114660.0858376,383,66.0
1670115652.6303947,511,72.0
1670116602.1247063,639,50.0
1670117601.044971,767,58.0
1670118673.4297116,895,70.0
1670119741.2319503,1023,94.0
1670120783.601803,1151,88.0
1670121918.5173836,1279,80.0
1670123003.3566086,1407,94.0
1670124079.2158535,1535,92.0
1670125147.869401,1663,92.0
1670126232.9409041,1791,94.0
1670127316.783291,1919,66.0
1670128417.7754982,2047,66.0
