Wall time,Step,Value
1670141854.8172302,127,68.0
1670144421.3945415,255,24.0
1670146796.596561,383,40.0
1670149250.3094141,511,66.0
1670151626.6827288,639,70.0
1670154182.1918006,767,38.0
1670156637.5649297,895,44.0
1670159084.199669,1023,72.0
1670161409.2619443,1151,72.0
1670163699.5531938,1279,76.0
1670165978.2266667,1407,64.0
1670168234.0259862,1535,78.0
1670170487.1425261,1663,94.0
1670172723.4678645,1791,70.0
1670175104.6374981,1919,98.0
1670177352.703307,2047,90.0
