Wall time,Step,Value
1670113665.205812,127,46.0
1670115769.035369,255,52.0
1670117827.6693275,383,62.0
1670120018.221413,511,78.0
1670122238.021798,639,78.0
1670124404.856948,767,90.0
1670126566.4810534,895,70.0
1670128759.704905,1023,88.0
1670130093.0820389,1151,98.0
1670131439.5275958,1279,76.0
1670132772.9095612,1407,78.0
1670134128.0380824,1535,78.0
1670135463.0312445,1663,78.0
1670136806.6288033,1791,86.0
1670138151.1649702,1919,76.0
1670139473.0399835,2047,94.0
