Wall time,Step,Value
1670096988.3673825,127,20.0
1670097947.8782234,255,52.0
1670098894.7200043,383,84.0
1670099848.0972028,511,50.0
1670100784.7315192,639,68.0
1670101722.7135637,767,62.0
1670102657.7583642,895,80.0
1670103580.8674145,1023,92.0
1670104541.056511,1151,70.0
1670105525.0499604,1279,72.0
1670106515.7034168,1407,98.0
1670107546.035585,1535,66.0
1670108546.082939,1663,70.0
1670109513.6617265,1791,78.0
1670110535.104415,1919,68.0
1670111554.530457,2047,92.0
