Wall time,Step,Value
1670181538.7038271,127,98.0
1670184085.354643,255,74.0
1670186573.394614,383,70.0
1670189254.6596742,511,90.0
1670191833.0338707,639,106.0
1670194160.7902536,767,96.0
1670196607.813247,895,68.0
1670198942.2708547,1023,106.0
1670201308.9141648,1151,114.0
1670203744.7835114,1279,104.0
1670206051.5385282,1407,110.0
1670208389.75071,1535,104.0
1670210825.550433,1663,118.0
1670213056.0324643,1791,118.0
1670215372.6493804,1919,112.0
1670217681.4732678,2047,110.0
