Wall time,Step,Value
1670062377.6704528,127,-8.0
1670062963.4866574,255,2.0
1670063525.0448318,383,20.0
1670064087.7362087,511,0.0
1670064626.268961,639,-4.0
1670065157.2379806,767,4.0
1670065695.254497,895,-8.0
1670066292.7993293,1023,0.0
1670066898.4725955,1151,12.0
1670067483.5452783,1279,32.0
1670068089.4506931,1407,10.0
1670068681.0311959,1535,28.0
1670069294.4047408,1663,8.0
1670069887.7894778,1791,34.0
1670070491.8363805,1919,10.0
1670071189.9734688,2047,14.0
