Wall time,Step,Value
1670141887.1706195,127,34.0
1670144466.5340705,255,24.0
1670146932.920035,383,62.0
1670149420.7863257,511,54.0
1670151838.078565,639,48.0
1670154480.3505797,767,88.0
1670157043.2650244,895,52.0
1670159601.767592,1023,70.0
1670162105.0183897,1151,66.0
1670164530.5435581,1279,86.0
1670166948.1891525,1407,96.0
1670169470.4258285,1535,90.0
1670171970.408635,1663,92.0
1670174586.7854235,1791,98.0
1670176984.3355513,1919,88.0
1670178819.2868006,2047,92.0
