Wall time,Step,Value
1670096994.4936867,127,58.0
1670097951.8786838,255,46.0
1670098891.8499613,383,52.0
1670099842.354937,511,60.0
1670100784.0807545,639,60.0
1670101730.3051434,767,86.0
1670102669.9233236,895,56.0
1670103586.8514814,1023,84.0
1670104541.207572,1151,74.0
1670105527.0988834,1279,66.0
1670106515.8374481,1407,62.0
1670107549.7321959,1535,78.0
1670108559.0439243,1663,82.0
1670109528.223101,1791,74.0
1670110541.7476406,1919,104.0
1670111568.807823,2047,92.0
