Wall time,Step,Value
1670072029.342925,127,-2.0
1670072685.7892315,255,-6.0
1670073272.119981,383,4.0
1670073890.4558003,511,4.0
1670074611.7860162,639,0.0
1670075457.859774,767,16.0
1670075978.4039962,895,8.0
1670076509.5297902,1023,4.0
1670077019.25013,1151,12.0
1670077523.332785,1279,6.0
1670078050.7185242,1407,20.0
1670078579.0157673,1535,4.0
1670079106.115438,1663,16.0
1670079634.4701955,1791,24.0
1670080153.7674031,1919,28.0
1670080700.091219,2047,2.0
