Wall time,Step,Value
1670181630.6911335,127,84.0
1670184187.8399847,255,98.0
1670186711.626233,383,68.0
1670189400.563676,511,102.0
1670192073.6090174,639,88.0
1670194481.1180842,767,110.0
1670196989.3856127,895,88.0
1670199417.5697792,1023,98.0
1670201860.8243523,1151,84.0
1670204412.5947015,1279,102.0
1670206779.0935955,1407,100.0
1670209435.7190177,1535,112.0
1670211887.4135234,1663,112.0
1670214394.0488565,1791,108.0
1670216898.162449,1919,118.0
1670218902.9168236,2047,120.0
