Wall time,Step,Value
1670044074.4491332,127,-38.0
1670044381.343968,255,-44.0
1670044691.664539,383,-56.0
1670045006.7554488,511,-76.0
1670045313.2670307,639,-62.0
1670045612.1830013,767,-24.0
1670045917.957989,895,-14.0
1670046230.1768417,1023,-28.0
1670046539.961482,1151,-46.0
1670046871.6739182,1279,-46.0
1670047200.7857003,1407,-8.0
1670047524.0520158,1535,-58.0
1670047838.25114,1663,-22.0
1670048154.584576,1791,-18.0
1670048470.27484,1919,-30.0
1670048768.1315129,2047,2.0
