Wall time,Step,Value
1670181558.2022178,127,82.0
1670184137.0930898,255,94.0
1670186643.2533453,383,90.0
1670189395.2273734,511,72.0
1670192028.6616662,639,82.0
1670194415.646171,767,114.0
1670196875.0265393,895,100.0
1670199290.1852703,1023,86.0
1670201716.5740762,1151,106.0
1670204272.6498895,1279,110.0
1670206613.9353266,1407,114.0
1670209207.5197358,1535,116.0
1670211622.2224727,1663,112.0
1670214080.1198294,1791,124.0
1670216507.3218608,1919,114.0
1670218571.252254,2047,110.0
