Wall time,Step,Value
1670072093.544938,127,0.0
1670072764.0178022,255,-20.0
1670073353.580284,383,-10.0
1670074034.38167,511,2.0
1670074837.405617,639,36.0
1670075575.5717454,767,38.0
1670076109.9310844,895,0.0
1670076635.3171074,1023,12.0
1670077158.003554,1151,-4.0
1670077692.20656,1279,28.0
1670078247.318947,1407,28.0
1670078786.0674407,1535,24.0
1670079319.9383807,1663,14.0
1670079858.870132,1791,46.0
1670080416.8598428,1919,28.0
1670080916.8827777,2047,34.0
