Wall time,Step,Value
1670082026.6604564,127,20.0
1670082974.4831991,255,28.0
1670083882.4201565,383,40.0
1670084760.6879866,511,46.0
1670085633.2541358,639,20.0
1670086520.793035,767,78.0
1670087435.3345141,895,72.0
1670088321.6103365,1023,56.0
1670089210.4013038,1151,92.0
1670090123.9620893,1279,62.0
1670091082.064481,1407,46.0
1670092030.3367994,1535,72.0
1670093010.132709,1663,82.0
1670093971.9925478,1791,44.0
1670094956.65791,1919,84.0
1670095858.342616,2047,78.0
