Wall time,Step,Value
1670062386.9806564,127,-2.0
1670062984.9972243,255,-4.0
1670063548.6841698,383,12.0
1670064087.6847627,511,-6.0
1670064652.6032858,639,-6.0
1670065177.7409892,767,12.0
1670065694.8969514,895,24.0
1670066295.4083261,1023,8.0
1670066905.1523294,1151,20.0
1670067495.0497117,1279,20.0
1670068097.6300023,1407,34.0
1670068697.7061102,1535,32.0
1670069310.4188907,1663,24.0
1670069909.1505158,1791,18.0
1670070513.712546,1919,26.0
1670071202.7517664,2047,30.0
