Wall time,Step,Value
1670062377.0156229,127,-10.0
1670062960.2794871,255,-4.0
1670063522.2962976,383,-26.0
1670064081.1158278,511,-4.0
1670064611.2776458,639,2.0
1670065148.234682,767,34.0
1670065679.0476046,895,18.0
1670066267.2645352,1023,20.0
1670066858.3873355,1151,2.0
1670067444.668993,1279,30.0
1670068035.5354586,1407,30.0
1670068619.2886505,1535,6.0
1670069229.3131561,1663,0.0
1670069832.1164792,1791,16.0
1670070444.4265199,1919,4.0
1670071024.406858,2047,12.0
