Wall time,Step,Value
1670062381.2960117,127,10.0
1670062958.447105,255,22.0
1670063521.0845437,383,-14.0
1670064074.5961533,511,10.0
1670064608.2218492,639,16.0
1670065139.9160204,767,42.0
1670065668.7029834,895,10.0
1670066251.5116193,1023,0.0
1670066837.6551843,1151,2.0
1670067420.009238,1279,0.0
1670068014.4274902,1407,14.0
1670068601.3249161,1535,24.0
1670069202.7211914,1663,12.0
1670069809.1213396,1791,8.0
1670070420.103324,1919,14.0
1670071011.1793723,2047,14.0
