Wall time,Step,Value
1670054587.1933835,127,4.0
1670055135.4145868,255,-26.0
1670055676.4282277,383,-6.0
1670056195.7934635,511,0.0
1670056734.3054485,639,8.0
1670057269.2569938,767,-10.0
1670057812.0010028,895,18.0
1670058343.9409766,1023,4.0
1670058860.516152,1151,12.0
1670059311.3480895,1279,8.0
1670059692.6471248,1407,30.0
1670060073.8642294,1535,34.0
1670060456.4847445,1663,36.0
1670060839.8548083,1791,40.0
1670061223.5166438,1919,2.0
1670061613.1717582,2047,38.0
