Wall time,Step,Value
1670072048.6837752,127,-26.0
1670072709.8009276,255,18.0
1670073303.75342,383,18.0
1670073969.8202584,511,6.0
1670074713.0996487,639,30.0
1670075522.070136,767,0.0
1670076053.4579241,895,6.0
1670076580.792395,1023,-16.0
1670077092.9430182,1151,14.0
1670077619.6761105,1279,6.0
1670078168.4496512,1407,16.0
1670078694.2323809,1535,18.0
1670079225.830668,1663,34.0
1670079751.8568227,1791,8.0
1670080296.151421,1919,32.0
1670080837.7256908,2047,22.0
