Wall time,Step,Value
1670082018.0575857,127,42.0
1670082925.5979257,255,32.0
1670083793.7234793,383,38.0
1670084657.3455372,511,34.0
1670085521.2585657,639,68.0
1670086386.9249382,767,54.0
1670087275.9655411,895,60.0
1670088154.048354,1023,64.0
1670089025.3976402,1151,78.0
1670089906.341213,1279,68.0
1670090813.4698958,1407,52.0
1670091744.326161,1535,54.0
1670092705.1366851,1663,70.0
1670093647.1080284,1791,92.0
1670094577.2989979,1919,64.0
1670095554.1721354,2047,84.0
