Wall time,Step,Value
1670082024.9719574,127,26.0
1670082947.3273206,255,22.0
1670083828.9561806,383,28.0
1670084683.6936617,511,38.0
1670085554.3619018,639,48.0
1670086420.5454953,767,66.0
1670087301.6975079,895,60.0
1670088180.6208165,1023,64.0
1670089059.6747615,1151,64.0
1670089938.5211012,1279,74.0
1670090848.9924276,1407,66.0
1670091803.0493023,1535,72.0
1670092773.8222928,1663,62.0
1670093724.1476696,1791,84.0
1670094673.899787,1919,80.0
1670095658.1894958,2047,80.0
