Wall time,Step,Value
1670112751.7861414,127,46.0
1670113708.9097395,255,70.0
1670114692.0210917,383,68.0
1670115694.6040072,511,42.0
1670116651.85139,639,54.0
1670117672.6629343,767,62.0
1670118774.6032798,895,68.0
1670119862.072281,1023,78.0
1670120929.2239099,1151,72.0
1670122072.7837355,1279,52.0
1670123187.75045,1407,78.0
1670124267.0840812,1535,100.0
1670125361.2464652,1663,94.0
1670126440.1690984,1791,76.0
1670127576.7595716,1919,86.0
1670128669.9293184,2047,92.0
