Wall time,Step,Value
1670141821.4766724,127,100.0
1670144402.1615937,255,76.0
1670146843.5403397,383,90.0
1670149391.0045178,511,96.0
1670151836.3825753,639,72.0
1670154472.114264,767,82.0
1670157062.734138,895,102.0
1670159646.9734416,1023,94.0
1670162185.2234735,1151,106.0
1670164633.1321251,1279,122.0
1670167106.7278814,1407,114.0
1670169665.2088668,1535,114.0
1670172181.977582,1663,90.0
1670174828.6745746,1791,98.0
1670177251.426523,1919,118.0
1670179143.6042604,2047,112.0
