Wall time,Step,Value
1670072041.9364622,127,-22.0
1670072699.4577415,255,-22.0
1670073288.5326147,383,20.0
1670073919.588949,511,-4.0
1670074630.1747339,639,6.0
1670075470.3800335,767,14.0
1670075992.7763333,895,4.0
1670076525.0666642,1023,4.0
1670077038.1492157,1151,-6.0
1670077556.0810375,1279,8.0
1670078101.052022,1407,36.0
1670078625.3647501,1535,24.0
1670079154.6197374,1663,20.0
1670079678.9976103,1791,34.0
1670080208.290086,1919,26.0
1670080775.5952194,2047,0.0
