Wall time,Step,Value
1670141913.7860594,127,86.0
1670144509.613794,255,68.0
1670146901.5614066,383,60.0
1670149445.2156963,511,62.0
1670151841.0469337,639,76.0
1670154511.4792223,767,90.0
1670157069.10019,895,76.0
1670159628.2672694,1023,88.0
1670162145.4875793,1151,78.0
1670164592.0284162,1279,86.0
1670167030.5120773,1407,80.0
1670169569.056046,1535,74.0
1670172123.9837961,1663,82.0
1670174799.9062688,1791,94.0
1670177254.6503463,1919,106.0
1670179134.2437067,2047,104.0
