Wall time,Step,Value
1670054593.4973457,127,0.0
1670055149.1232064,255,14.0
1670055690.720611,383,12.0
1670056226.871524,511,-8.0
1670056748.4464977,639,-10.0
1670057284.381386,767,8.0
1670057830.4284782,895,22.0
1670058360.7713466,1023,-2.0
1670058885.8885903,1151,-2.0
1670059319.5459614,1279,24.0
1670059707.489387,1407,26.0
1670060093.3680274,1535,30.0
1670060482.907913,1663,12.0
1670060867.6898544,1791,14.0
1670061254.8578317,1919,40.0
1670061637.2267525,2047,6.0
