Wall time,Step,Value
1665102791.7590933,127,6.0
1665103668.4533927,255,50.0
1665104534.968113,383,36.0
1665105405.8246958,511,54.0
1665106264.4762015,639,52.0
1665107147.3875954,767,64.0
1665108036.3750284,895,70.0
1665108914.4523704,1023,68.0
1665109789.2219172,1151,78.0
1665110539.42656,1279,76.0
1665111290.8921154,1407,74.0
1665112042.0131836,1535,70.0
1665112790.4918668,1663,82.0
1665113546.0755336,1791,76.0
1665114297.4945607,1919,82.0
1665115054.2295492,2047,82.0
