Wall time,Step,Value
1665178220.7112331,127,38.0
1665179191.4816756,255,22.0
1665180180.1073725,383,62.0
1665181127.0686471,511,72.0
1665182073.2764976,639,76.0
1665182984.3700316,767,60.0
1665183885.4794044,895,52.0
1665184812.8671136,1023,62.0
1665185758.8544905,1151,62.0
1665186698.9086723,1279,48.0
1665187631.803866,1407,96.0
1665188583.4197137,1535,76.0
1665189544.862756,1663,72.0
1665190531.32725,1791,76.0
1665191546.9442348,1919,76.0
1665192611.6757574,2047,92.0
