Wall time,Step,Value
1664999955.691254,127,0.37953686714172363
1665002166.6876602,255,0.34979504346847534
1665004375.8897748,383,0.34458374977111816
1665006600.81342,511,0.3436715006828308
1665008808.9059904,639,0.3417658805847168
1665011028.313892,767,0.34450268745422363
1665013269.8370402,895,0.3427439332008362
1665015493.2322147,1023,0.34202709794044495
1665017698.0633285,1151,0.34282422065734863
1665019908.714754,1279,0.3423457145690918
1665022128.962236,1407,0.34233197569847107
1665024337.2308755,1535,0.34254300594329834
1665026568.9081402,1663,0.34407299757003784
1665028801.8967717,1791,0.3430589437484741
1665031010.1030908,1919,0.3429584503173828
1665033212.8059406,2047,0.3428923785686493
