Wall time,Step,Value
1666029643.7227662,127,-5.0
1666030551.7863858,255,4.0
1666031449.0360649,383,4.0
1666032341.2455444,511,8.0
1666033239.6028934,639,5.0
1666034129.2222672,767,11.0
1666035021.7839344,895,8.0
1666035931.2223306,1023,0.0
1666036857.014244,1151,4.0
1666037751.7111664,1279,6.0
1666038683.6764925,1407,6.0
1666039580.0144234,1535,11.0
1666040495.7294858,1663,5.0
1666041413.2948136,1791,3.0
1666042330.6289837,1919,5.0
1666043241.1143835,2047,-3.0
