Wall time,Step,Value
1666255034.8207676,127,0.0
1666255551.646486,255,-6.0
1666256116.7683825,383,11.0
1666256600.405064,511,2.0
1666257077.4329093,639,-8.0
1666257635.9169705,767,1.0
1666258117.3552575,895,10.0
1666258598.858187,1023,-10.0
1666259086.659272,1151,4.0
1666259625.1312094,1279,1.0
1666260095.814613,1407,15.0
1666260566.5132575,1535,1.0
1666261046.3458042,1663,9.0
1666261619.3048081,1791,-1.0
1666262118.5270054,1919,19.0
1666262600.4800475,2047,4.0
