Wall time,Step,Value
1666202796.922227,127,32.0
1666204669.0655107,255,24.0
1666206562.2850428,383,26.0
1666208463.4967935,511,31.0
1666210625.2828948,639,9.0
1666212590.2261326,767,27.0
1666214518.0961003,895,37.0
1666216378.77406,1023,28.0
1666218171.5050879,1151,45.0
1666220016.5504913,1279,50.0
1666221820.3873277,1407,46.0
1666223663.2773957,1535,39.0
1666225408.6507885,1663,59.0
1666227255.6489618,1791,47.0
1666229104.2459757,1919,45.0
1666230865.997466,2047,63.0
