Wall time,Step,Value
1666255034.2685447,127,7.0
1666255566.7634392,255,-15.0
1666256133.0168376,383,2.0
1666256614.4661827,511,-6.0
1666257099.0784976,639,7.0
1666257643.1245558,767,-12.0
1666258131.0695267,895,-2.0
1666258614.4208844,1023,2.0
1666259118.794393,1151,0.0
1666259638.9434001,1279,18.0
1666260114.6083515,1407,6.0
1666260582.9743888,1535,3.0
1666261066.8142312,1663,14.0
1666261637.0783956,1791,8.0
1666262146.066882,1919,16.0
1666262640.5106444,2047,4.0
