Wall time,Step,Value
1666059768.4286382,127,19.0
1666060670.3360937,255,26.0
1666061598.2816327,383,7.0
1666062531.8932686,511,32.0
1666063432.3447719,639,14.0
1666064341.5477214,767,32.0
1666065234.5604134,895,25.0
1666066139.8496387,1023,9.0
1666067062.694841,1151,32.0
1666067992.423777,1279,44.0
1666068909.712842,1407,37.0
1666069848.027334,1535,31.0
1666070805.8405015,1663,42.0
1666071772.533312,1791,29.0
1666072681.7147996,1919,33.0
1666073604.0078037,2047,35.0
