Wall time,Step,Value
1666230612.8327582,127,-17.0
1666230893.320266,255,-35.0
1666231272.7205045,383,-41.0
1666231537.90565,511,-18.0
1666231826.053242,639,-45.0
1666232096.911571,767,-21.0
1666232379.3064137,895,-9.0
1666232657.1447256,1023,-14.0
1666232932.6991434,1151,-18.0
1666233272.499236,1279,-32.0
1666233559.0598319,1407,-26.0
1666233837.4050224,1535,-1.0
1666234111.2351887,1663,-7.0
1666234394.266161,1791,-9.0
1666234668.3064,1919,-10.0
1666235031.2304971,2047,-19.0
