Wall time,Step,Value
1666153948.3617413,127,23.0
1666154821.1900249,255,40.0
1666155736.1816835,383,36.0
1666156664.2671192,511,21.0
1666157591.8928757,639,44.0
1666158509.525105,767,42.0
1666159447.5358348,895,32.0
1666160360.1387472,1023,37.0
1666161268.0161183,1151,34.0
1666162191.8779538,1279,43.0
1666163119.206405,1407,35.0
1666164021.0575216,1535,36.0
1666164970.4366605,1663,38.0
1666165885.743052,1791,31.0
1666166766.878655,1919,31.0
1666167722.0421746,2047,45.0
