Wall time,Step,Value
1666271821.0742822,127,-6.0
1666272333.9279025,255,13.0
1666272832.5579882,383,-12.0
1666273305.0373669,511,-5.0
1666273834.443393,639,-8.0
1666274341.6744316,767,-4.0
1666274842.2290566,895,-11.0
1666275370.828127,1023,-7.0
1666275898.3363214,1151,-2.0
1666276396.2652428,1279,-9.0
1666276891.0217743,1407,16.0
1666277459.7502675,1535,6.0
1666277991.1612167,1663,23.0
1666278502.2584257,1791,3.0
1666279006.343435,1919,17.0
1666279564.098912,2047,20.0
