Wall time,Step,Value
1666263387.5110664,127,0.0
1666263878.5873106,255,-6.0
1666264373.2736516,383,-9.0
1666264915.8228498,511,-12.0
1666265415.848081,639,3.0
1666265895.4268935,767,-4.0
1666266415.4972394,895,-7.0
1666266944.663218,1023,0.0
1666267450.0079737,1151,4.0
1666267957.5987425,1279,-11.0
1666268522.467817,1407,18.0
1666269009.5208213,1535,24.0
1666269501.7758946,1663,-2.0
1666269998.0755665,1791,7.0
1666270541.0176163,1919,9.0
1666271056.301145,2047,-3.0
