Wall time,Step,Value
1666280323.9136512,127,0.0
1666280810.0187695,255,15.0
1666281321.8070183,383,-4.0
1666281772.6975567,511,1.0
1666282242.7487874,639,13.0
1666282750.2811973,767,-9.0
1666283270.9900575,895,-6.0
1666283774.3426247,1023,22.0
1666284251.4706712,1151,-5.0
1666284781.7297819,1279,8.0
1666285301.5461075,1407,11.0
1666285828.9063904,1535,5.0
1666286366.7316267,1663,18.0
1666286942.606656,1791,6.0
1666287526.7230835,1919,15.0
1666288114.8393164,2047,23.0
