Wall time,Step,Value
1666074750.2775614,127,19.0
1666075602.1149175,255,19.0
1666076491.0061867,383,31.0
1666077416.5475574,511,19.0
1666078347.1626441,639,26.0
1666079235.1039581,767,6.0
1666080110.5282516,895,23.0
1666081039.2191515,1023,33.0
1666081972.7828023,1151,50.0
1666082907.2604017,1279,29.0
1666083790.0964694,1407,42.0
1666084697.2325156,1535,40.0
1666085627.2435057,1663,17.0
1666086585.288773,1791,50.0
1666087486.3038485,1919,33.0
1666088323.5238523,2047,33.0
