Wall time,Step,Value
1666089871.102475,127,22.0
1666090957.8273158,255,29.0
1666092016.6477048,383,1.0
1666092995.548488,511,6.0
1666094038.3997545,639,41.0
1666095133.4889302,767,2.0
1666096204.5244682,895,15.0
1666097259.8642025,1023,32.0
1666098354.3425088,1151,24.0
1666099482.4677644,1279,34.0
1666100578.49508,1407,35.0
1666101706.0968528,1535,29.0
1666102824.1407104,1663,34.0
1666104024.789164,1791,39.0
1666105127.6384165,1919,26.0
1666106133.1137855,2047,36.0
