Wall time,Step,Value
1666105810.147857,127,11.0
1666106786.4916291,255,18.0
1666107818.9189825,383,12.0
1666108804.3981814,511,14.0
1666109775.1833663,639,4.0
1666110772.1778634,767,4.0
1666111697.1529517,895,16.0
1666112600.933065,1023,11.0
1666113562.1517603,1151,17.0
1666114505.239474,1279,17.0
1666115459.7524912,1407,17.0
1666116400.4192407,1535,30.0
1666117341.5111895,1663,2.0
1666118303.5143454,1791,20.0
1666119264.0693235,1919,21.0
1666120198.8780417,2047,11.0
