Wall time,Step,Value
1660390105.8687572,127,91.0
1660390973.957079,255,81.0
1660391876.6041012,383,82.0
1660392742.8501232,511,84.0
1660393630.4031584,639,90.0
1660394512.6349115,767,94.0
1660395467.8509288,895,94.0
1660396337.078688,1023,99.0
1660397289.927593,1151,105.0
1660398249.802721,1279,96.0
1660399208.4414544,1407,101.0
1660400201.625865,1535,93.0
1660401146.2726424,1663,98.0
1660402186.4314375,1791,95.0
1660403177.913998,1919,103.0
1660404255.681427,2047,97.0
