Wall time,Step,Value
1660390150.627605,127,66.0
1660390676.7242718,255,59.0
1660391189.1984384,383,68.0
1660391649.4425805,511,61.0
1660392185.2226448,639,66.0
1660392719.0119493,767,61.0
1660393260.7066863,895,78.0
1660393810.904931,1023,72.0
1660394357.4848452,1151,77.0
1660394889.020796,1279,58.0
1660395460.1480732,1407,85.0
1660396030.0068078,1535,77.0
1660396595.5144935,1663,82.0
1660397159.9525423,1791,77.0
1660397727.2562954,1919,87.0
1660398288.7360013,2047,68.0
