Wall time,Step,Value
1660390116.0507612,127,66.0
1660390632.7504294,255,68.0
1660391139.7235787,383,61.0
1660391607.9715414,511,65.0
1660392125.1703124,639,61.0
1660392649.7027192,767,71.0
1660393176.2177534,895,72.0
1660393700.4708982,1023,61.0
1660394248.0892415,1151,67.0
1660394759.1542792,1279,73.0
1660395323.4367044,1407,70.0
1660395894.528231,1535,77.0
1660396465.8033938,1663,86.0
1660397043.5227559,1791,75.0
1660397616.3905728,1919,74.0
1660398210.9642534,2047,87.0
