Wall time,Step,Value
1660433320.7617102,127,38.0
1660433561.564648,255,41.0
1660433732.9587748,383,44.0
1660433900.0298278,511,36.0
1660434067.5096383,639,45.0
1660434236.877436,767,50.0
1660434406.241931,895,37.0
1660434574.7674997,1023,48.0
1660434744.7049665,1151,43.0
1660434914.1612866,1279,47.0
1660435083.1316948,1407,62.0
1660435252.453313,1535,52.0
1660435422.143469,1663,50.0
1660435590.297859,1791,55.0
1660435758.550885,1919,59.0
1660435921.0354412,2047,64.0
