Wall time,Step,Value
1660408863.332507,127,10.0
1660408977.0039687,255,20.0
1660409093.4472344,383,20.0
1660409198.5893128,511,10.0
1660409304.9048555,639,13.0
1660409413.301312,767,19.0
1660409529.4374018,895,14.0
1660409642.6916258,1023,25.0
1660409746.1751976,1151,18.0
1660409853.0457187,1279,21.0
1660409960.626261,1407,19.0
1660410075.4717824,1535,20.0
1660410189.3461342,1663,16.0
1660410292.7313244,1791,21.0
1660410399.7171211,1919,19.0
1660410517.0632012,2047,19.0
