Wall time,Step,Value
1660423655.2671125,127,44.0
1660423934.4875798,255,35.0
1660424207.9668045,383,44.0
1660424485.0556746,511,44.0
1660424756.861219,639,44.0
1660424987.2260213,767,47.0
1660425224.8147924,895,40.0
1660425508.2354884,1023,51.0
1660425780.7902572,1151,50.0
1660426057.9591098,1279,39.0
1660426333.1278543,1407,39.0
1660426611.397338,1535,54.0
1660426887.9149106,1663,55.0
1660427166.9656596,1791,57.0
1660427442.7902446,1919,61.0
1660427720.8438444,2047,47.0
