Wall time,Step,Value
1669840678.8371744,127,0.19532334804534912
1669840876.47728,255,0.18874260783195496
1669841079.080214,383,0.1878654658794403
1669841285.3899307,511,0.1876286417245865
1669841494.240595,639,0.18714092671871185
1669841708.5036383,767,0.18650193512439728
1669841923.0838687,895,0.1866537630558014
1669842143.4570081,1023,0.18666909635066986
1669842351.661656,1151,0.18681059777736664
1669842562.7230804,1279,0.18709179759025574
1669842773.5188296,1407,0.1870262324810028
1669842983.4947672,1535,0.18700461089611053
1669843187.4208758,1663,0.18734808266162872
1669843397.5135467,1791,0.1876777559518814
1669843622.3688607,1919,0.18722546100616455
1669843836.8042214,2047,0.18741218745708466
