Wall time,Step,Value
1669836996.2646415,127,0.19740629196166992
1669837207.1638927,255,0.18993136286735535
1669837419.771021,383,0.1887856423854828
1669837624.8375793,511,0.1883578896522522
1669837833.4324434,639,0.1879791021347046
1669838054.0808394,767,0.18799147009849548
1669838258.8434205,895,0.18789982795715332
1669838475.056115,1023,0.18803998827934265
1669838694.6849492,1151,0.18807843327522278
1669838906.5499945,1279,0.18810179829597473
1669839115.1394484,1407,0.1884581297636032
1669839335.2992308,1535,0.18816719949245453
1669839562.6958919,1663,0.1883692890405655
1669839780.2945077,1791,0.18874092400074005
1669839999.4280386,1919,0.18862438201904297
1669840234.0173287,2047,0.18893206119537354
