Wall time,Step,Value
1666291131.8423629,127,0.19950170814990997
1666292925.284863,255,0.1948426067829132
1666294750.3438175,383,0.1942567229270935
1666296614.927611,511,0.19417661428451538
1666298553.0342302,639,0.19350066781044006
1666300914.0543294,767,0.19329416751861572
1666303259.5090065,895,0.1927565336227417
1666305628.8873074,1023,0.19226688146591187
1666308118.198447,1151,0.1918524205684662
1666310655.1703637,1279,0.19110573828220367
1666313212.8975475,1407,0.19038371741771698
1666315578.7754543,1535,0.18959450721740723
1666318007.965855,1663,0.18879878520965576
1666320563.1755116,1791,0.18796305358409882
1666323187.9708035,1919,0.18737711012363434
1666325436.6402595,2047,0.18663394451141357
