Wall time,Step,Value
1690747745.5006478,127,72.0
1690752438.4665334,255,50.0
1690756851.4126506,383,76.0
1690761137.7730377,511,64.0
1690766510.321138,639,54.0
1690771685.8864162,767,88.0
1690777031.8475983,895,48.0
1690783003.675214,1023,58.0
1690788555.5915298,1151,50.0
1690793348.0378168,1279,80.0
1690799231.3958988,1407,68.0
1690804377.4900067,1535,72.0
1690809871.7090487,1663,82.0
1690815539.8912053,1791,58.0
1690821733.8888414,1919,72.0
1690826520.8617241,2047,78.0
