Wall time,Step,Value
1690913454.4743245,127,62.0
1690919815.085254,255,52.0
1690924381.0393543,383,44.0
1690929521.3972723,511,52.0
1690934240.7902637,639,44.0
1690936581.2496226,767,58.0
1690938367.4994311,895,84.0
1690943753.6691473,1023,70.0
1690949392.6288195,1151,70.0
1690954828.1668956,1279,92.0
1690959537.9863083,1407,68.0
1690964274.4674208,1535,98.0
1690970448.2459042,1663,98.0
1690975544.2674534,1791,78.0
1690980342.4400952,1919,94.0
1690985191.728837,2047,90.0
