Wall time,Step,Value
1690828451.823222,127,54.0
1690834373.8485813,255,66.0
1690839245.2566023,383,52.0
1690844642.9655454,511,62.0
1690850113.3754838,639,56.0
1690856067.0407505,767,60.0
1690861186.1323092,895,70.0
1690867319.425708,1023,88.0
1690873312.93396,1151,72.0
1690878705.6672251,1279,82.0
1690884100.7986014,1407,78.0
1690889100.3347075,1535,84.0
1690894541.4206922,1663,106.0
1690898750.098561,1791,84.0
1690904525.8103328,1919,88.0
1690910021.1891644,2047,86.0
