Wall time,Step,Value
1690747728.2518415,127,38.0
1690753199.9877195,255,42.0
1690757295.3874454,383,56.0
1690761539.7059088,511,54.0
1690766214.110622,639,24.0
1690771421.541309,767,36.0
1690777204.257715,895,44.0
1690782272.8832407,1023,48.0
1690787904.0811653,1151,62.0
1690792361.1070116,1279,40.0
1690796767.0602226,1407,32.0
1690802351.2592244,1535,56.0
1690807879.5276394,1663,46.0
1690813477.6826315,1791,56.0
1690819206.2062669,1919,80.0
1690825266.223036,2047,80.0
