Wall time,Step,Value
1690913454.0019503,127,56.0
1690918483.104984,255,74.0
1690923627.075299,383,52.0
1690929001.1525736,511,66.0
1690934151.8660579,639,86.0
1690937448.4129927,767,82.0
1690940007.4754803,895,58.0
1690945438.4734168,1023,76.0
1690951250.021666,1151,74.0
1690956499.8017383,1279,94.0
1690961892.9771755,1407,90.0
1690967910.2522748,1535,88.0
1690973100.605381,1663,74.0
1690978403.8941936,1791,80.0
1690983012.776277,1919,88.0
1690987356.8943987,2047,104.0
