Wall time,Step,Value
1690609219.7156796,127,36.0
1690613787.5554457,255,36.0
1690618250.992287,383,68.0
1690623235.156037,511,42.0
1690626813.0253644,639,48.0
1690630763.2875016,767,68.0
1690635001.5762713,895,48.0
1690639655.8567305,1023,58.0
1690644377.7804658,1151,94.0
1690648142.0804465,1279,84.0
1690652373.6079462,1407,66.0
1690656490.8409388,1535,40.0
1690661407.123057,1663,86.0
1690666128.4044855,1791,54.0
1690670756.3556142,1919,58.0
1690674252.511409,2047,60.0
