Wall time,Step,Value
1690828472.6074085,127,62.0
1690834147.353863,255,44.0
1690840154.148423,383,40.0
1690845413.8238828,511,18.0
1690850703.4443693,639,68.0
1690856024.9610407,767,74.0
1690862700.6350646,895,72.0
1690868549.782886,1023,68.0
1690874178.037241,1151,78.0
1690879781.3227963,1279,78.0
1690885294.6027586,1407,88.0
1690890458.6569452,1535,76.0
1690896003.3739626,1663,80.0
1690901407.4459162,1791,84.0
1690906395.2826316,1919,84.0
1690911409.8757179,2047,88.0
