Wall time,Step,Value
1690609202.3081887,127,48.0
1690613685.2195067,255,44.0
1690618488.278054,383,74.0
1690622891.9794862,511,60.0
1690626763.2456498,639,48.0
1690631584.154137,767,62.0
1690635431.1220064,895,78.0
1690639694.9793499,1023,62.0
1690644348.255217,1151,56.0
1690649165.9819505,1279,54.0
1690653055.1322367,1407,72.0
1690656988.7545433,1535,94.0
1690661659.3239837,1663,82.0
1690665845.899424,1791,82.0
1690670839.4238856,1919,94.0
1690674747.588166,2047,92.0
