Wall time,Step,Value
1690676469.8891814,127,54.0
1690682238.1890008,255,40.0
1690686946.098732,383,24.0
1690691354.350507,511,42.0
1690695168.721099,639,64.0
1690699798.2058372,767,42.0
1690704666.404836,895,58.0
1690709142.049211,1023,78.0
1690713923.6167345,1151,68.0
1690718117.5605195,1279,84.0
1690722635.530283,1407,60.0
1690726982.261145,1535,68.0
1690731783.0097258,1663,80.0
1690736393.6426392,1791,80.0
1690741379.2237563,1919,68.0
1690745757.2518585,2047,56.0
