Wall time,Step,Value
1664890079.630274,127,86.0
1664903511.098527,255,90.0
1664916928.1099122,383,84.0
1664929953.1015644,511,92.0
1664943427.390953,639,110.0
1664956872.4654155,767,94.0
1664970379.7001853,895,106.0
1664983885.17557,1023,96.0
1664997386.5512242,1151,96.0
1665010900.700601,1279,100.0
1665024419.0385456,1407,110.0
1665037925.4792733,1535,118.0
1665051459.985399,1663,106.0
1665065008.8622108,1791,120.0
1665077340.7990646,1919,122.0
1665090029.276276,2047,116.0
