Wall time,Step,Value
1665093318.330713,127,6.0
1665093916.471536,255,4.0
1665094496.1663725,383,14.0
1665095073.5773017,511,-32.0
1665095628.7176888,639,0.0
1665096193.4963832,767,16.0
1665096712.7950947,895,8.0
1665097232.2937806,1023,4.0
1665097757.6724684,1151,36.0
1665098314.0642934,1279,18.0
1665098867.1133895,1407,46.0
1665099420.567205,1535,14.0
1665099936.5468254,1663,36.0
1665100511.5655053,1791,4.0
1665101065.89212,1919,24.0
1665101656.3077354,2047,26.0
