Wall time,Step,Value
1665102795.454067,127,66.0
1665103681.1469536,255,42.0
1665104550.749352,383,34.0
1665105429.963735,511,58.0
1665106289.7930691,639,50.0
1665107174.5720294,767,42.0
1665108054.3497558,895,78.0
1665108936.4928286,1023,70.0
1665109809.8382783,1151,60.0
1665110559.8876398,1279,64.0
1665111309.1253877,1407,64.0
1665112063.334488,1535,40.0
1665112819.533279,1663,52.0
1665113574.6784084,1791,68.0
1665114332.3072069,1919,64.0
1665115089.0217972,2047,86.0
