Wall time,Step,Value
1665093319.3012378,127,0.0
1665093910.1262515,255,-6.0
1665094490.164544,383,-14.0
1665095071.0751972,511,0.0
1665095628.6239703,639,4.0
1665096184.5289378,767,8.0
1665096707.1246786,895,34.0
1665097230.6236978,1023,36.0
1665097756.289758,1151,34.0
1665098311.3870902,1279,6.0
1665098859.3299696,1407,20.0
1665099417.028584,1535,36.0
1665099936.135642,1663,40.0
1665100511.4255247,1791,30.0
1665101063.1139874,1919,6.0
1665101655.629357,2047,50.0
