Wall time,Step,Value
1666152325.4740431,127,26.0
1666153257.0757356,255,34.0
1666154154.7553127,383,28.0
1666155079.5055318,511,42.0
1666156015.0142715,639,24.0
1666156932.2925253,767,18.0
1666157897.0496283,895,20.0
1666158831.407459,1023,50.0
1666159764.745338,1151,14.0
1666160683.327432,1279,52.0
1666161596.142678,1407,32.0
1666162520.9882283,1535,44.0
1666163455.0919178,1663,28.0
1666164364.629149,1791,50.0
1666165318.2966764,1919,62.0
1666166238.8470469,2047,40.0
