Wall time,Step,Value
1665346858.8775616,127,4.0
1665349418.951388,255,-3.0
1665352088.8550851,383,-6.0
1665354595.3703568,511,7.0
1665357233.2338552,639,-3.0
1665359854.0569477,767,-5.0
1665362332.8551772,895,6.0
1665364869.8597841,1023,-2.0
1665367392.105774,1151,2.0
1665369754.0110986,1279,6.0
1665372227.4643502,1407,1.0
1665374803.3746967,1535,5.0
1665377329.5871255,1663,5.0
1665379748.9466674,1791,-2.0
1665382327.1122146,1919,-1.0
1665384740.9849017,2047,0.0
