Wall time,Step,Value
1665010924.0527787,127,-6.0
1665016036.9940274,255,-2.0
1665019863.0897112,383,-2.0
1665023884.395643,511,-1.0
1665027662.3235345,639,-14.0
1665031592.2390862,767,-7.0
1665035473.3245838,895,-6.0
1665040549.3144228,1023,-1.0
1665044321.800445,1151,2.0
1665048162.8062232,1279,-2.0
1665053437.5856276,1407,0.0
1665057364.256541,1535,8.0
1665060936.2872543,1663,4.0
1665064902.8779197,1791,-3.0
1665069252.4548404,1919,5.0
1665071573.8421133,2047,2.0
