Wall time,Step,Value
1664903081.4888358,127,-6.0
1664904310.0382462,255,-3.0
1664905523.2013745,383,-11.0
1664906747.5292826,511,-6.0
1664907963.005108,639,-11.0
1664909186.24218,767,-9.0
1664910410.4421675,895,-10.0
1664911650.2395096,1023,-9.0
1664912883.954246,1151,-6.0
1664914116.5710986,1279,-11.0
1664914862.2340503,1407,-6.0
1664915444.157401,1535,-8.0
1664916027.4660754,1663,-11.0
1664916599.030299,1791,-9.0
1664917171.3645406,1919,-12.0
1664917740.5713649,2047,-11.0
