Wall time,Step,Value
1665386138.2735493,127,-9.0
1665386689.9473631,255,-5.0
1665387248.257359,383,2.0
1665387824.1990182,511,-6.0
1665388350.0848353,639,-1.0
1665388902.3429127,767,2.0
1665389436.6860092,895,-7.0
1665389937.1734025,1023,1.0
1665390450.2621815,1151,-4.0
1665390970.853836,1279,-6.0
1665391512.3656013,1407,-4.0
1665392029.9453604,1535,0.0
1665392540.0363348,1663,-3.0
1665393139.575337,1791,-5.0
1665393657.729037,1919,-6.0
1665394190.6960967,2047,-3.0
