Wall time,Step,Value
1665346614.0472856,127,3.0
1665348512.3639598,255,1.0
1665350382.3522327,383,2.0
1665352294.318637,511,1.0
1665354200.2907093,639,5.0
1665356122.1164367,767,4.0
1665358057.5075197,895,10.0
1665359992.4539685,1023,6.0
1665361942.3468661,1151,5.0
1665363949.8615236,1279,11.0
1665365942.881994,1407,11.0
1665367882.8141055,1535,-1.0
1665369866.8182142,1663,7.0
1665371769.2881486,1791,15.0
1665373714.715855,1919,7.0
1665375663.8767207,2047,15.0
