Wall time,Step,Value
1665028472.6250625,127,-8.0
1665030635.1880865,255,-10.0
1665032778.1227312,383,-12.0
1665034901.0672488,511,-2.0
1665037040.1514266,639,-2.0
1665039160.5809317,767,-1.0
1665041316.8733597,895,-10.0
1665043465.4937925,1023,-9.0
1665045644.4799936,1151,-10.0
1665047790.515901,1279,-10.0
1665049918.3049173,1407,-8.0
1665052042.8550377,1535,-8.0
1665054171.4401321,1663,-3.0
1665056345.2899451,1791,-9.0
1665058504.3529637,1919,-6.0
1665060576.8046327,2047,-7.0
