Wall time,Step,Value
1664994179.8552437,127,-6.0
1664996342.4131749,255,-11.0
1664998487.627647,383,-9.0
1665000611.8529983,511,-9.0
1665002741.004491,639,-7.0
1665004854.9081402,767,-14.0
1665007008.5086741,895,-4.0
1665009151.1016917,1023,-6.0
1665011281.6961,1151,-6.0
1665013414.4196057,1279,-6.0
1665015550.058889,1407,-10.0
1665017683.1876929,1535,-11.0
1665019831.7611594,1663,-2.0
1665021938.996203,1791,-11.0
1665024071.0947168,1919,-3.0
1665026174.286628,2047,-5.0
