Wall time,Step,Value
1664889702.021019,127,11.0
1664902955.9541147,255,0.0
1664915944.6678708,383,7.0
1664928917.6414273,511,5.0
1664942168.7415226,639,7.0
1664955488.4187064,767,5.0
1664968744.647221,895,9.0
1664981977.240983,1023,9.0
1664995263.2703197,1151,4.0
1665008607.9326887,1279,3.0
1665021902.6315553,1407,8.0
1665035257.0424576,1535,2.0
1665048590.4641082,1663,3.0
1665061750.7594995,1791,0.0
1665073429.900602,1919,2.0
1665086784.5221083,2047,6.0
