Wall time,Step,Value
1665093797.5388064,127,2.0
1665094670.3660305,255,3.0
1665095336.292156,383,-3.0
1665096102.3380868,511,-1.0
1665097080.0997357,639,0.0
1665097639.6024842,767,-5.0
1665098226.001569,895,1.0
1665099036.3510132,1023,5.0
1665099948.382894,1151,1.0
1665100547.8204782,1279,-3.0
1665101665.5928428,1407,-3.0
1665102357.3177056,1535,1.0
1665103467.845258,1663,-4.0
1665104068.0202615,1791,-2.0
1665104723.4383316,1919,2.0
1665105502.9024537,2047,-5.0
