Wall time,Step,Value
1665377641.5810342,127,-3.0
1665379443.4260454,255,6.0
1665381353.1332934,383,3.0
1665383260.0161695,511,12.0
1665385077.3002262,639,4.0
1665386988.1984158,767,4.0
1665388896.730977,895,10.0
1665390775.0436895,1023,5.0
1665392674.5565665,1151,9.0
1665394542.3667083,1279,4.0
1665396672.6116028,1407,6.0
1665399521.063112,1535,8.0
1665401457.148103,1663,17.0
1665403401.0476208,1791,4.0
1665405353.2090707,1919,5.0
1665407313.9873605,2047,6.0
