Wall time,Step,Value
1665028514.9619875,127,-1.0
1665030630.258944,255,-7.0
1665032764.558576,383,-10.0
1665034901.3674195,511,-10.0
1665037027.0567155,639,-6.0
1665039151.023456,767,-5.0
1665041255.2152092,895,-7.0
1665043395.956327,1023,-9.0
1665045507.1394167,1151,-10.0
1665047621.1086524,1279,-5.0
1665049770.2088325,1407,-4.0
1665051891.5230093,1535,-7.0
1665054009.2315338,1663,-8.0
1665056130.9580467,1791,-10.0
1665058250.727247,1919,-4.0
1665060406.966879,2047,-9.0
