Wall time,Step,Value
1664939062.397821,127,-4.0
1664940309.8092048,255,-9.0
1664941538.8831623,383,-5.0
1664942761.778396,511,-8.0
1664944000.0601132,639,-10.0
1664945226.1433725,767,-7.0
1664946453.8154473,895,-10.0
1664947668.103125,1023,-5.0
1664948881.20514,1151,-15.0
1664950114.898776,1279,-13.0
1664951358.2370262,1407,-11.0
1664952596.9132113,1535,-7.0
1664953782.8573382,1663,-13.0
1664955007.1637285,1791,-6.0
1664956238.0234928,1919,-9.0
1664957445.5300987,2047,-14.0
