Wall time,Step,Value
1665111349.0675974,127,1.0
1665116993.87544,255,2.0
1665118838.6374753,383,-4.0
1665120365.891636,511,-3.0
1665122570.8210585,639,6.0
1665124044.7569942,767,-6.0
1665125812.939283,895,-3.0
1665129028.6165776,1023,-1.0
1665132007.2235806,1151,0.0
1665135002.166219,1279,-3.0
1665138117.362242,1407,-4.0
1665139954.101034,1535,-2.0
1665142556.8928673,1663,10.0
1665144654.8324196,1791,-6.0
1665146137.6003733,1919,-1.0
1665148132.4337795,2047,-2.0
