Wall time,Step,Value
1664919191.0885773,127,-9.0
1664920424.2296076,255,-9.0
1664921659.4707153,383,-4.0
1664922881.3081312,511,-14.0
1664924120.942652,639,-8.0
1664925358.2836125,767,-11.0
1664926587.558596,895,-7.0
1664927797.1389797,1023,-10.0
1664929019.492872,1151,-8.0
1664930232.8151999,1279,-4.0
1664931455.545667,1407,-14.0
1664932685.884449,1535,-15.0
1664933919.6918948,1663,-4.0
1664935145.9642894,1791,-4.0
1664936366.6463249,1919,-3.0
1664937579.65195,2047,-12.0
