Wall time,Step,Value
1664919155.901379,127,-12.0
1664920396.1306727,255,-8.0
1664921603.2127886,383,-12.0
1664922848.5047472,511,-4.0
1664924069.3895967,639,-8.0
1664925306.9280193,767,-9.0
1664926539.6769907,895,-5.0
1664927756.0334282,1023,-8.0
1664929008.7507794,1151,-7.0
1664930267.574025,1279,-8.0
1664931498.3813698,1407,-6.0
1664932721.2440388,1535,-9.0
1664933956.5747926,1663,-14.0
1664935191.9999387,1791,-7.0
1664936428.1446383,1919,-13.0
1664937623.1705534,2047,-7.0
