Wall time,Step,Value
1664959879.9092517,127,-3.0
1664962030.786816,255,-8.0
1664964153.4496725,383,-7.0
1664966296.548733,511,-5.0
1664968438.1495028,639,-9.0
1664970550.1030366,767,-6.0
1664972701.4272523,895,-2.0
1664974815.8710785,1023,-8.0
1664976947.548499,1151,-5.0
1664979123.1717174,1279,-9.0
1664981245.6847901,1407,-2.0
1664983390.8446834,1535,-6.0
1664985518.0934746,1663,-3.0
1664987658.5917993,1791,-8.0
1664989798.8859057,1919,-7.0
1664991851.1653755,2047,-6.0
