Wall time,Step,Value
1664939057.4997337,127,-6.0
1664940297.7787936,255,-8.0
1664941537.0571477,383,-8.0
1664942778.8841703,511,-9.0
1664944000.781466,639,-12.0
1664945232.8314147,767,-8.0
1664946459.4477804,895,-7.0
1664947693.7363677,1023,-4.0
1664948929.9943252,1151,-11.0
1664950144.6855755,1279,-10.0
1664951346.9316258,1407,-9.0
1664952554.003252,1535,-8.0
1664953804.809604,1663,-7.0
1664955048.852429,1791,-13.0
1664956286.627454,1919,-14.0
1664957502.7903593,2047,-5.0
