Wall time,Step,Value
1665346914.3008354,127,-3.0
1665349487.8129134,255,1.0
1665352113.4894786,383,0.0
1665354714.9020107,511,2.0
1665357344.7156537,639,0.0
1665360056.9672637,767,6.0
1665362510.8166416,895,5.0
1665365129.443185,1023,9.0
1665367708.6142242,1151,5.0
1665370091.2600405,1279,-3.0
1665372580.697842,1407,1.0
1665375219.088106,1535,3.0
1665377823.6131701,1663,2.0
1665380412.5066817,1791,3.0
1665383106.7788339,1919,1.0
1665385504.3678603,2047,0.0
