Wall time,Step,Value
1665011077.9567263,127,2.0
1665014946.447618,255,-5.0
1665018216.3501935,383,-4.0
1665021805.0593202,511,5.0
1665025489.4755173,639,3.0
1665029780.3321207,767,-5.0
1665034706.755357,895,-5.0
1665038390.0542336,1023,4.0
1665042316.207434,1151,-3.0
1665046453.7636292,1279,2.0
1665050338.2914867,1407,0.0
1665054118.2913957,1535,-4.0
1665058081.9868517,1663,1.0
1665062207.6877196,1791,-2.0
1665066296.98084,1919,1.0
1665070552.470245,2047,5.0
