Wall time,Step,Value
1665093800.887017,127,-2.0
1665094687.5963337,255,-6.0
1665095353.458213,383,-5.0
1665096295.0800476,511,-5.0
1665096957.204355,639,-1.0
1665097529.1863315,767,-9.0
1665098192.7798889,895,-6.0
1665098871.9399614,1023,-6.0
1665099639.3082871,1151,5.0
1665100552.1915476,1279,-3.0
1665101670.2195458,1407,-3.0
1665102353.8249402,1535,-1.0
1665103669.054037,1663,2.0
1665104334.0632083,1791,-7.0
1665104915.0890357,1919,4.0
1665105758.685457,2047,-1.0
