Wall time,Step,Value
1660453072.71834,127,83.0
1660454010.0880911,255,86.0
1660454888.7473342,383,88.0
1660455755.861478,511,79.0
1660456645.6734705,639,81.0
1660457637.4340603,767,101.0
1660458524.2407486,895,83.0
1660459505.8715637,1023,79.0
1660460442.2626953,1151,95.0
1660461381.8738542,1279,106.0
1660462408.850891,1407,105.0
1660463389.4295857,1535,113.0
1660464416.7579129,1663,116.0
1660465395.3197763,1791,108.0
1660466398.2853673,1919,101.0
1660467374.1802695,2047,104.0
