Wall time,Step,Value
1660456836.0819316,127,109.0
1660458810.229164,255,106.0
1660460828.0635784,383,99.0
1660462870.4856396,511,95.0
1660464932.4613206,639,110.0
1660466971.5513387,767,104.0
1660468500.382422,895,102.0
1660469785.6178405,1023,119.0
1660471001.6656358,1151,106.0
1660472225.2804418,1279,122.0
1660473435.891851,1407,122.0
1660474637.5107355,1535,123.0
1660475858.8368707,1663,120.0
1660477087.552411,1791,118.0
1660478333.4080148,1919,122.0
1660479573.3579435,2047,125.0
