Wall time,Step,Value
1660399032.5560524,127,56.0
1660399520.949413,255,71.0
1660400022.6079245,383,61.0
1660400527.4946642,511,51.0
1660401005.8343604,639,47.0
1660401512.2145703,767,69.0
1660402037.540287,895,74.0
1660402569.0800867,1023,62.0
1660403112.8493075,1151,80.0
1660403655.240633,1279,81.0
1660404117.8098211,1407,60.0
1660404695.1271164,1535,68.0
1660405285.4052532,1663,79.0
1660405868.5157573,1791,75.0
1660406445.3941925,1919,77.0
1660407024.9353719,2047,78.0
