Wall time,Step,Value
1660438176.1823363,127,100.0
1660439156.0500045,255,99.0
1660440112.8515,383,91.0
1660441072.4437945,511,99.0
1660442107.0611644,639,94.0
1660443115.073177,767,84.0
1660444164.5845113,895,102.0
1660445177.8521287,1023,97.0
1660446186.0309393,1151,97.0
1660447217.3658283,1279,106.0
1660448268.2320058,1407,107.0
1660449314.9551678,1535,109.0
1660450372.0411873,1663,101.0
1660451418.082071,1791,105.0
1660452390.8522472,1919,107.0
1660453500.6364322,2047,113.0
