Wall time,Step,Value
1660420644.4752479,127,18.0
1660420808.6796834,255,22.0
1660420964.7292895,383,28.0
1660421128.1389406,511,21.0
1660421284.3536763,639,23.0
1660421448.431848,767,25.0
1660421613.691515,895,26.0
1660421768.4481647,1023,27.0
1660421935.86382,1151,31.0
1660422096.3422654,1279,19.0
1660422260.3213005,1407,20.0
1660422423.5289018,1535,36.0
1660422581.9848697,1663,37.0
1660422745.007569,1791,36.0
1660422903.8204067,1919,32.0
1660423071.0863764,2047,36.0
