Wall time,Step,Value
1660436998.5381184,127,72.0
1660437858.8544033,255,81.0
1660438826.1217918,383,81.0
1660439744.7835708,511,93.0
1660440642.5603056,639,86.0
1660441613.2413332,767,101.0
1660442613.523565,895,98.0
1660443626.6901286,1023,99.0
1660444614.3186612,1151,103.0
1660445610.5505245,1279,103.0
1660446617.9914725,1407,90.0
1660447642.7022736,1535,99.0
1660448660.0129294,1663,112.0
1660449677.6787906,1791,97.0
1660450741.4717944,1919,101.0
1660451751.151242,2047,100.0
