Wall time,Step,Value
1660410927.7959266,127,23.0
1660411090.0174723,255,23.0
1660411248.1268976,383,28.0
1660411404.8393836,511,27.0
1660411568.4209673,639,28.0
1660411731.2572818,767,31.0
1660411888.3493087,895,23.0
1660412057.7264643,1023,33.0
1660412223.4733238,1151,17.0
1660412381.4577785,1279,31.0
1660412544.3239949,1407,30.0
1660412718.0010803,1535,29.0
1660412877.9491677,1663,29.0
1660413041.9229627,1791,24.0
1660413204.2872665,1919,34.0
1660413367.942059,2047,30.0
