Wall time,Step,Value
1665111053.1967454,127,0.0
1665115920.2092671,255,-3.0
1665118551.292227,383,-1.0
1665120728.8644266,511,-7.0
1665123712.6794465,639,2.0
1665126139.8000693,767,0.0
1665127993.3962882,895,-6.0
1665129305.4721498,1023,2.0
1665132409.1544912,1151,-5.0
1665134616.7439759,1279,-4.0
1665136810.315202,1407,-8.0
1665139673.744613,1535,6.0
1665142162.9447997,1663,0.0
1665145451.6028285,1791,1.0
1665147418.1506388,1919,-3.0
1665148402.315358,2047,8.0
