Wall time,Step,Value
1664959826.3957598,127,-7.0
1664961942.3081648,255,-9.0
1664964106.2851954,383,-8.0
1664966251.3176513,511,-4.0
1664968363.3642595,639,-9.0
1664970478.5857055,767,-8.0
1664972578.3248718,895,-3.0
1664974730.378144,1023,-6.0
1664976831.3096268,1151,-6.0
1664978952.5627413,1279,-3.0
1664981088.9453897,1407,-4.0
1664983243.2561233,1535,-9.0
1664985371.8432748,1663,-3.0
1664987484.848836,1791,-8.0
1664989629.7472143,1919,-10.0
1664991779.4268136,2047,-6.0
