Wall time,Step,Value
1664919158.035198,127,-8.0
1664920385.3280864,255,-7.0
1664921622.6818023,383,-10.0
1664922854.4913704,511,-4.0
1664924084.1391025,639,-5.0
1664925306.1105137,767,-5.0
1664926547.908714,895,-6.0
1664927788.6158056,1023,-8.0
1664929015.9680479,1151,-7.0
1664930265.7987237,1279,-11.0
1664931485.0908911,1407,-13.0
1664932710.576457,1535,-12.0
1664933929.3591292,1663,-15.0
1664935175.830979,1791,-10.0
1664936417.5538762,1919,-7.0
1664937611.317572,2047,-5.0
