Wall time,Step,Value
1665411674.3541443,127,-4.0
1665412640.26776,255,9.0
1665413596.3815498,383,8.0
1665414574.3832252,511,1.0
1665415659.4601185,639,2.0
1665416800.336152,767,2.0
1665417938.1248415,895,6.0
1665419117.0001194,1023,-4.0
1665420325.315678,1151,3.0
1665421555.3228965,1279,4.0
1665422726.115783,1407,8.0
1665424075.783418,1535,5.0
1665425588.9831986,1663,1.0
1665426669.3091297,1791,7.0
1665428079.1320064,1919,6.0
1665429171.8136852,2047,9.0
