Wall time,Step,Value
1664959864.2897007,127,-6.0
1664961996.896078,255,-4.0
1664964107.2402408,383,-8.0
1664966251.2154715,511,-7.0
1664968394.5004454,639,-9.0
1664970548.3168657,767,-8.0
1664972689.0242376,895,-8.0
1664974839.5416453,1023,-7.0
1664976994.8711207,1151,1.0
1664979115.291092,1279,-11.0
1664981251.3167477,1407,-7.0
1664983375.8009715,1535,-6.0
1664985478.0735843,1663,2.0
1664987629.3881156,1791,-12.0
1664989754.5799356,1919,0.0
1664991841.4128036,2047,-11.0
