Wall time,Step,Value
1665386137.9742274,127,0.0
1665386683.0178828,255,4.0
1665387224.3551867,383,-6.0
1665387806.8784764,511,-5.0
1665388321.626488,639,-5.0
1665388856.3007035,767,-4.0
1665389379.207741,895,-4.0
1665389903.653231,1023,1.0
1665390402.614871,1151,-6.0
1665390925.324688,1279,1.0
1665391475.5376334,1407,1.0
1665391984.6086643,1535,0.0
1665392500.7734425,1663,-7.0
1665393043.638685,1791,-2.0
1665393625.3561237,1919,7.0
1665394136.1339936,2047,-2.0
