Wall time,Step,Value
1664994208.7155535,127,-3.0
1664996307.5425236,255,-6.0
1664998440.9712257,383,-2.0
1665000583.725705,511,-7.0
1665002699.9111028,639,-9.0
1665004844.3136175,767,-9.0
1665006975.1202624,895,-4.0
1665009082.6487877,1023,-1.0
1665011218.3487303,1151,-3.0
1665013372.7134109,1279,-11.0
1665015501.9152477,1407,-5.0
1665017629.5011802,1535,-1.0
1665019750.23245,1663,-5.0
1665021884.0913255,1791,-7.0
1665024003.7577128,1919,-7.0
1665026136.6641262,2047,-1.0
