Wall time,Step,Value
1691421238.865105,127,60.0
1691426527.8697646,255,62.0
1691431001.890402,383,66.0
1691435104.8875463,511,22.0
1691439298.8867686,639,40.0
1691443363.1383948,767,52.0
1691447715.9903953,895,74.0
1691451358.514156,1023,82.0
1691456142.3648689,1151,88.0
1691459669.72806,1279,70.0
1691463014.4580698,1407,70.0
1691467340.1297534,1535,76.0
1691471335.3604567,1663,80.0
1691476068.3339992,1791,62.0
1691479682.255777,1919,84.0
1691480807.2299385,2047,118.0
