Wall time,Step,Value
1691362993.9591143,127,16.0
1691367059.2058048,255,24.0
1691369945.700776,383,66.0
1691373632.4501908,511,38.0
1691377080.1373558,639,54.0
1691380500.9724066,767,62.0
1691384115.3068988,895,52.0
1691387893.464843,1023,56.0
1691392113.2064674,1151,68.0
1691396102.0555298,1279,78.0
1691400043.6170952,1407,90.0
1691403831.2273767,1535,76.0
1691406807.7521935,1663,72.0
1691409878.3081596,1791,78.0
1691413197.5550373,1919,78.0
1691416544.9776192,2047,78.0
