Wall time,Step,Value
1691362983.7907298,127,36.0
1691368255.294057,255,32.0
1691372096.903581,383,46.0
1691375602.671532,511,88.0
1691378518.9852564,639,64.0
1691382205.4488673,767,52.0
1691385775.863227,895,52.0
1691389362.824888,1023,68.0
1691392904.4145932,1151,64.0
1691396471.85326,1279,56.0
1691400058.7291834,1407,86.0
1691404743.445864,1535,72.0
1691409047.0127447,1663,68.0
1691412476.9953578,1791,74.0
1691415887.7870028,1919,70.0
1691418087.477193,2047,74.0
