Wall time,Step,Value
1691421220.082052,127,44.0
1691426508.7438312,255,54.0
1691431211.5282166,383,22.0
1691434837.7404516,511,62.0
1691438788.1987255,639,62.0
1691442688.4712493,767,38.0
1691446141.9241114,895,70.0
1691449618.155428,1023,76.0
1691453252.0180075,1151,36.0
1691456894.0715756,1279,66.0
1691460589.3840458,1407,18.0
1691464171.4538882,1535,72.0
1691467604.3283827,1663,52.0
1691471241.8489854,1791,68.0
1691475811.8549373,1919,76.0
1691479759.5547433,2047,80.0
