Wall time,Step,Value
1691482123.7480886,127,54.0
1691483732.2044387,255,62.0
1691484952.0540092,383,44.0
1691486170.7986197,511,80.0
1691487644.049177,639,64.0
1691488898.8342226,767,80.0
1691490405.0188494,895,62.0
1691491672.1172945,1023,64.0
1691493243.9438736,1151,70.0
1691494550.8778381,1279,72.0
1691496156.7301888,1407,98.0
1691497401.694219,1535,92.0
1691498988.2284865,1663,82.0
1691500205.6056597,1791,66.0
1691501782.4253516,1919,78.0
1691503024.8021889,2047,88.0
