Wall time,Step,Value
1669854664.2164536,127,-5.0
1669855218.456684,255,0.0
1669855770.5787344,383,5.0
1669856295.931372,511,-9.0
1669856829.94487,639,8.0
1669857340.721175,767,-10.0
1669857861.238136,895,4.0
1669858398.936741,1023,21.0
1669858938.7379026,1151,15.0
1669859328.3269424,1279,11.0
1669859702.7829814,1407,-8.0
1669860075.6111658,1535,-8.0
1669860453.303784,1663,14.0
1669860828.7844079,1791,13.0
1669861204.4962854,1919,16.0
1669861580.7760653,2047,9.0
