Wall time,Step,Value
1669942762.3115773,127,38.0
1669945296.7309947,255,47.0
1669947835.474677,383,42.0
1669950526.342221,511,51.0
1669953152.8448489,639,53.0
1669955679.9262233,767,46.0
1669958293.485219,895,38.0
1669960734.25759,1023,50.0
1669963067.7817612,1151,57.0
1669965490.590534,1279,32.0
1669968050.653885,1407,59.0
1669970494.7816994,1535,52.0
1669973056.2979398,1663,57.0
1669975764.733004,1791,53.0
1669978837.2148235,1919,50.0
1669981226.3376288,2047,62.0
