Wall time,Step,Value
1669942858.7043536,127,28.0
1669945373.40842,255,43.0
1669947854.1782432,383,39.0
1669950498.157364,511,24.0
1669953097.7354565,639,41.0
1669955535.243863,767,36.0
1669957991.3349712,895,36.0
1669960370.8578568,1023,43.0
1669962700.925235,1151,51.0
1669965061.3285465,1279,49.0
1669967553.6315417,1407,49.0
1669969941.98145,1535,38.0
1669972367.1427097,1663,41.0
1669974682.193703,1791,53.0
1669977513.111146,1919,57.0
1669980043.459009,2047,46.0
