Wall time,Step,Value
1669862304.3178961,127,-7.0
1669862872.489876,255,-2.0
1669863441.27714,383,1.0
1669863970.1661541,511,13.0
1669864490.3866112,639,19.0
1669865028.5434752,767,6.0
1669865554.46403,895,-8.0
1669866092.9931793,1023,-1.0
1669866631.0133438,1151,9.0
1669867145.5513725,1279,15.0
1669867684.5756087,1407,18.0
1669868217.400452,1535,-1.0
1669868762.1108441,1663,16.0
1669869311.6006396,1791,14.0
1669869844.8241978,1919,26.0
1669870407.9240592,2047,19.0
