Wall time,Step,Value
1669896692.371165,127,40.0
1669897810.9473808,255,39.0
1669898946.527437,383,27.0
1669900118.770123,511,27.0
1669901275.8232732,639,49.0
1669902423.9365299,767,27.0
1669903446.7440658,895,26.0
1669904453.007745,1023,24.0
1669905547.546881,1151,52.0
1669906636.5161622,1279,28.0
1669907768.7990537,1407,46.0
1669908907.6884806,1535,44.0
1669910035.4739363,1663,53.0
1669911026.6820807,1791,32.0
1669911920.8844972,1919,48.0
1669912827.4163709,2047,17.0
