Wall time,Step,Value
1669896696.844269,127,21.0
1669897812.6752937,255,30.0
1669898948.5038233,383,36.0
1669900119.1318064,511,29.0
1669901270.056508,639,34.0
1669902421.0453396,767,27.0
1669903442.460029,895,37.0
1669904434.8807468,1023,33.0
1669905554.1280832,1151,39.0
1669906646.3049378,1279,34.0
1669907798.6215072,1407,45.0
1669908946.2021484,1535,18.0
1669910072.5413747,1663,40.0
1669911058.3297868,1791,32.0
1669911950.524517,1919,39.0
1669912870.824781,2047,38.0
