Wall time,Step,Value
1669896718.3527746,127,46.0
1669897820.49639,255,31.0
1669898958.4020622,383,39.0
1669900127.1023183,511,11.0
1669901281.2855194,639,26.0
1669902436.4568458,767,39.0
1669903448.9125376,895,28.0
1669904461.9055448,1023,48.0
1669905559.7320962,1151,37.0
1669906657.661431,1279,49.0
1669907811.6095562,1407,37.0
1669908980.0484262,1535,63.0
1669910119.2922852,1663,38.0
1669911103.9395883,1791,27.0
1669912005.64892,1919,44.0
1669912912.5444782,2047,48.0
