Wall time,Step,Value
1669862311.488533,127,-2.0
1669862871.5988255,255,-2.0
1669863426.5900967,383,18.0
1669863939.1798909,511,-8.0
1669864466.267485,639,7.0
1669865010.1966403,767,9.0
1669865531.524055,895,-11.0
1669866062.7881937,1023,24.0
1669866594.0697079,1151,3.0
1669867101.9725056,1279,19.0
1669867620.8273041,1407,-1.0
1669868160.4215157,1535,16.0
1669868693.9469945,1663,26.0
1669869245.068137,1791,6.0
1669869784.214076,1919,6.0
1669870364.5494077,2047,-5.0
