Wall time,Step,Value
1669914034.289727,127,22.0
1669914973.5953715,255,26.0
1669915942.8834505,383,16.0
1669916948.46573,511,13.0
1669917895.9331698,639,30.0
1669918927.5320601,767,38.0
1669919893.824978,895,19.0
1669920959.0799108,1023,47.0
1669921975.3866959,1151,46.0
1669923031.339919,1279,34.0
1669924090.078351,1407,27.0
1669925239.8323221,1535,33.0
1669926353.7535927,1663,31.0
1669927410.7518005,1791,44.0
1669928483.8708603,1919,41.0
1669929543.2651203,2047,33.0
