Wall time,Step,Value
1669871127.7358253,127,-7.0
1669871682.7944999,255,-3.0
1669872229.8274422,383,4.0
1669872786.395155,511,2.0
1669873337.0116186,639,-1.0
1669873848.4868228,767,12.0
1669874368.9816415,895,-11.0
1669874896.009083,1023,14.0
1669875422.338094,1151,0.0
1669875924.977311,1279,12.0
1669876446.896347,1407,13.0
1669876999.5496428,1535,8.0
1669877504.0190458,1663,14.0
1669878021.8257623,1791,17.0
1669878557.7114472,1919,10.0
1669879110.349937,2047,20.0
