Wall time,Step,Value
1669862303.3265157,127,-12.0
1669862849.4707866,255,5.0
1669863348.0909572,383,-8.0
1669863884.5767915,511,-9.0
1669864394.7305186,639,-6.0
1669864913.873662,767,-6.0
1669865449.5754313,895,10.0
1669865973.7116215,1023,8.0
1669866511.8296854,1151,6.0
1669867044.7642832,1279,3.0
1669867546.4613564,1407,18.0
1669868073.1099632,1535,-11.0
1669868603.1817918,1663,18.0
1669869143.2279136,1791,10.0
1669869688.1640072,1919,17.0
1669870205.6192074,2047,10.0
