Wall time,Step,Value
1669844400.848906,127,-34.0
1669844695.182804,255,-26.0
1669844985.710903,383,-26.0
1669845277.2630324,511,-23.0
1669845555.7740486,639,-33.0
1669845842.0135634,767,-19.0
1669846129.8708088,895,-26.0
1669846415.41149,1023,-4.0
1669846702.991705,1151,-14.0
1669846990.6332145,1279,5.0
1669847277.2268698,1407,-2.0
1669847565.323968,1535,-10.0
1669847854.2000217,1663,-17.0
1669848139.3206449,1791,-8.0
1669848431.9201472,1919,-4.0
1669848738.6474752,2047,-5.0
