Wall time,Step,Value
1669984048.5203137,127,33.0
1669987281.1397288,255,37.0
1669990013.0520737,383,49.0
1669992986.989393,511,48.0
1669996381.801149,639,42.0
1669999785.7441082,767,48.0
1670002532.7214618,895,48.0
1670004978.8880847,1023,49.0
1670007439.7133071,1151,53.0
1670009974.665846,1279,54.0
1670012509.9820638,1407,55.0
1670015042.810442,1535,65.0
1670017685.4920368,1663,52.0
1670020274.5937042,1791,52.0
1670022943.6559105,1919,42.0
1670025559.2655838,2047,53.0
