Wall time,Step,Value
1669984170.4383655,127,37.0
1669987116.49375,255,33.0
1669990270.278035,383,38.0
1669993211.2399101,511,47.0
1669996666.042133,639,48.0
1670000031.908358,767,52.0
1670002821.6115353,895,42.0
1670005332.1034732,1023,37.0
1670007804.1531284,1151,55.0
1670010358.0793,1279,51.0
1670012874.4847877,1407,37.0
1670015406.8277326,1535,55.0
1670018036.8714948,1663,52.0
1670020626.6158123,1791,45.0
1670023276.8365946,1919,45.0
1670025848.100852,2047,65.0
