Wall time,Step,Value
1669914068.7057972,127,35.0
1669915046.9477715,255,28.0
1669916082.6990108,383,28.0
1669917108.6241722,511,32.0
1669918095.99914,639,39.0
1669919142.3706238,767,38.0
1669920168.2807178,895,41.0
1669921286.7790403,1023,23.0
1669922354.9174342,1151,42.0
1669923473.890082,1279,21.0
1669924620.2513351,1407,51.0
1669925813.9487019,1535,45.0
1669926915.9875479,1663,37.0
1669928045.0674708,1791,45.0
1669929138.3553488,1919,46.0
1669930150.2020128,2047,46.0
