Wall time,Step,Value
1669871143.7255087,127,3.0
1669871704.0841894,255,5.0
1669872249.3657002,383,-3.0
1669872797.6514475,511,7.0
1669873360.8075912,639,12.0
1669873884.2488658,767,-7.0
1669874440.2667701,895,-10.0
1669874960.325079,1023,10.0
1669875474.81662,1151,0.0
1669876000.8571122,1279,3.0
1669876534.8117397,1407,7.0
1669877065.0021522,1535,-6.0
1669877583.9970462,1663,13.0
1669878125.2913191,1791,2.0
1669878675.2057812,1919,-9.0
1669879267.322113,2047,10.0
