Wall time,Step,Value
1669984004.121589,127,57.0
1669987109.2428288,255,35.0
1669990246.2065299,383,28.0
1669993269.8432028,511,42.0
1669996660.0240853,639,45.0
1670000290.4402957,767,50.0
1670002839.1821635,895,46.0
1670005265.5132465,1023,38.0
1670007707.2517817,1151,46.0
1670010272.8307977,1279,44.0
1670012842.5932217,1407,53.0
1670015367.7914703,1535,55.0
1670017991.740532,1663,46.0
1670020525.6347005,1791,56.0
1670023210.1151245,1919,61.0
1670025833.398562,2047,40.0
