Wall time,Step,Value
1669896692.1830869,127,16.0
1669897812.6962192,255,23.0
1669898946.6439834,383,-4.0
1669900113.5328434,511,22.0
1669901264.2995453,639,29.0
1669902415.9347613,767,29.0
1669903433.7988365,895,26.0
1669904432.576812,1023,27.0
1669905551.4361289,1151,36.0
1669906649.3482163,1279,42.0
1669907802.6577182,1407,34.0
1669908958.911253,1535,22.0
1669910094.2603092,1663,43.0
1669911088.6410608,1791,27.0
1669911988.011852,1919,48.0
1669912901.8752253,2047,43.0
