Wall time,Step,Value
1669942862.8843913,127,24.0
1669945437.7267642,255,17.0
1669947960.0467322,383,13.0
1669950622.264336,511,26.0
1669953253.5317194,639,32.0
1669955670.4646723,767,37.0
1669958243.33066,895,45.0
1669960642.1168892,1023,28.0
1669963000.316423,1151,51.0
1669965429.260023,1279,33.0
1669967965.2552037,1407,42.0
1669970431.3596513,1535,40.0
1669972991.6140068,1663,57.0
1669975653.8634849,1791,34.0
1669978766.2636268,1919,36.0
1669981118.1188698,2047,38.0
