Wall time,Step,Value
1669880369.2471957,127,24.0
1669881274.2148376,255,15.0
1669882147.5788858,383,25.0
1669883033.4845219,511,18.0
1669883893.0565157,639,39.0
1669884760.0603974,767,32.0
1669885638.392035,895,17.0
1669886533.554689,1023,30.0
1669887432.7995443,1151,24.0
1669888323.567631,1279,34.0
1669889228.5926142,1407,39.0
1669890293.0758784,1535,12.0
1669891482.2034621,1663,34.0
1669892770.3850274,1791,34.0
1669894064.37186,1919,59.0
1669895206.9090152,2047,17.0
