Wall time,Step,Value
1669942817.0829372,127,18.0
1669945353.662253,255,28.0
1669947883.7313137,383,32.0
1669950554.742274,511,27.0
1669953191.4316614,639,17.0
1669955713.4718537,767,51.0
1669958272.6631553,895,29.0
1669960658.2538798,1023,48.0
1669962994.9652495,1151,39.0
1669965420.1919458,1279,20.0
1669967984.8700008,1407,55.0
1669970414.8216414,1535,64.0
1669972961.6988826,1663,35.0
1669975607.6524403,1791,39.0
1669978643.0782835,1919,46.0
1669981014.295035,2047,66.0
