Wall time,Step,Value
1669984107.0049767,127,46.0
1669987071.885886,255,41.0
1669990217.0259874,383,47.0
1669993462.6103623,511,55.0
1669996626.58837,639,47.0
1669999993.372805,767,56.0
1670002809.4836643,895,47.0
1670005309.6730633,1023,49.0
1670007772.9687371,1151,45.0
1670010285.267745,1279,47.0
1670012798.3408802,1407,54.0
1670015322.9436455,1535,61.0
1670017953.882273,1663,53.0
1670020560.183237,1791,58.0
1670023249.675061,1919,56.0
1670025836.4755409,2047,56.0
