Wall time,Step,Value
1669862295.8820317,127,-13.0
1669862830.9422565,255,-8.0
1669863344.7903073,383,-7.0
1669863879.8210342,511,-9.0
1669864392.404657,639,14.0
1669864914.1848762,767,-10.0
1669865448.0270336,895,4.0
1669865974.306312,1023,17.0
1669866515.9755933,1151,-5.0
1669867062.5481644,1279,-9.0
1669867558.7020595,1407,14.0
1669868083.7368338,1535,12.0
1669868614.4244592,1663,13.0
1669869151.8958964,1791,19.0
1669869702.1253004,1919,-9.0
1669870209.9179323,2047,1.0
