Wall time,Step,Value
1669880375.396209,127,9.0
1669881306.1539376,255,21.0
1669882208.069033,383,1.0
1669883115.356763,511,18.0
1669884002.8202481,639,25.0
1669884879.519818,767,28.0
1669885768.999722,895,35.0
1669886683.8041914,1023,10.0
1669887597.5162723,1151,23.0
1669888505.9760396,1279,27.0
1669889417.7580662,1407,24.0
1669890559.850163,1535,35.0
1669891740.5106077,1663,47.0
1669893079.5312114,1791,21.0
1669894374.5204468,1919,33.0
1669895467.6257417,2047,35.0
