Wall time,Step,Value
1669854662.3678572,127,-2.0
1669855212.5150867,255,11.0
1669855749.7618263,383,19.0
1669856275.1158004,511,1.0
1669856798.2603729,639,-6.0
1669857303.1902094,767,-4.0
1669857817.6229076,895,2.0
1669858350.1328459,1023,0.0
1669858871.6433947,1151,8.0
1669859298.7974722,1279,8.0
1669859670.4281607,1407,16.0
1669860043.286217,1535,6.0
1669860415.9619455,1663,5.0
1669860791.9385426,1791,19.0
1669861164.6951118,1919,32.0
1669861537.1890385,2047,9.0
