Wall time,Step,Value
1669914924.943861,127,46.0
1669917021.6022608,255,22.0
1669919049.5509942,383,34.0
1669921134.7581995,511,28.0
1669923264.5834045,639,24.0
1669925525.9816492,767,27.0
1669927717.990351,895,30.0
1669929879.1780593,1023,52.0
1669931259.9318917,1151,39.0
1669932558.25422,1279,46.0
1669933878.619627,1407,29.0
1669935186.7396336,1535,35.0
1669936496.2953124,1663,44.0
1669937792.6003304,1791,40.0
1669939093.8518457,1919,38.0
1669940407.7092881,2047,37.0
