Wall time,Step,Value
1669880380.9392223,127,34.0
1669881299.2531915,255,13.0
1669882182.8992293,383,10.0
1669883080.277905,511,41.0
1669883954.199561,639,8.0
1669884832.5950563,767,36.0
1669885715.4653258,895,17.0
1669886628.6026247,1023,11.0
1669887552.8444626,1151,32.0
1669888439.9212086,1279,16.0
1669889347.189759,1407,30.0
1669890495.57877,1535,35.0
1669891682.4590032,1663,25.0
1669893014.708694,1791,30.0
1669894310.3221116,1919,34.0
1669895421.361672,2047,20.0
