Wall time,Step,Value
1669880384.1324518,127,2.0
1669881311.675228,255,27.0
1669882209.507929,383,17.0
1669883124.895042,511,32.0
1669884018.9167023,639,32.0
1669884891.8737879,767,11.0
1669885799.8793867,895,18.0
1669886721.0050178,1023,24.0
1669887623.0239112,1151,26.0
1669888534.9517245,1279,35.0
1669889455.2020242,1407,26.0
1669890609.8791015,1535,19.0
1669891786.364606,1663,14.0
1669893133.4939876,1791,9.0
1669894438.9571998,1919,23.0
1669895513.8067718,2047,44.0
