Wall time,Step,Value
1669871129.0497553,127,-14.0
1669871681.4389856,255,-8.0
1669872227.7458146,383,5.0
1669872779.5127685,511,1.0
1669873320.3355122,639,11.0
1669873832.8985646,767,21.0
1669874365.9535713,895,6.0
1669874885.8078187,1023,6.0
1669875408.7672427,1151,19.0
1669875913.359795,1279,11.0
1669876440.994763,1407,-12.0
1669876984.7346606,1535,9.0
1669877489.5845084,1663,2.0
1669878012.7123373,1791,4.0
1669878558.1754851,1919,15.0
1669879109.5665154,2047,15.0
