Wall time,Step,Value
1669871130.9129906,127,-20.0
1669871687.3012066,255,11.0
1669872248.778667,383,9.0
1669872795.1413457,511,12.0
1669873353.2734692,639,8.0
1669873884.7708871,767,12.0
1669874424.9041715,895,-12.0
1669874953.3942442,1023,2.0
1669875464.4053926,1151,-13.0
1669875984.6186898,1279,-9.0
1669876518.8323386,1407,-1.0
1669877045.396627,1535,14.0
1669877564.0045974,1663,22.0
1669878096.1307771,1791,16.0
1669878644.194314,1919,14.0
1669879258.4915695,2047,14.0
