Wall time,Step,Value
1669914917.5853436,127,20.0
1669917029.7631028,255,34.0
1669919075.7138524,383,34.0
1669921167.153349,511,33.0
1669923316.042308,639,45.0
1669925587.6736002,767,42.0
1669927778.4869232,895,32.0
1669929904.7537298,1023,37.0
1669931284.734438,1151,53.0
1669932591.686058,1279,46.0
1669933898.233618,1407,55.0
1669935211.9135826,1535,42.0
1669936534.153321,1663,53.0
1669937839.389428,1791,35.0
1669939146.8032935,1919,47.0
1669940456.4534402,2047,40.0
