Wall time,Step,Value
1666299038.8358297,127,48.0
1666301376.2188914,255,52.0
1666303647.3465195,383,42.0
1666305863.471477,511,28.0
1666308292.532878,639,39.0
1666310766.143987,767,31.0
1666313314.7390757,895,43.0
1666315685.604546,1023,45.0
1666318145.6205497,1151,62.0
1666320695.452978,1279,49.0
1666323334.9492133,1407,56.0
1666325591.9236488,1535,59.0
1666327811.1968596,1663,54.0
1666330373.5864372,1791,48.0
1666332848.5670397,1919,35.0
1666335328.677695,2047,60.0
