Wall time,Step,Value
1666263383.4120111,127,-6.0
1666263862.2306943,255,-17.0
1666264366.0321016,383,9.0
1666264905.6130192,511,-1.0
1666265403.2986615,639,10.0
1666265876.9046624,767,-10.0
1666266377.2380013,895,5.0
1666266899.9626937,1023,12.0
1666267412.9532044,1151,3.0
1666267918.189376,1279,15.0
1666268473.404286,1407,4.0
1666268953.4241204,1535,16.0
1666269443.2844398,1663,7.0
1666269936.3476481,1791,-4.0
1666270474.8990052,1919,-4.0
1666270975.3374078,2047,12.0
