Wall time,Step,Value
1666299040.4372904,127,47.0
1666301371.7610824,255,31.0
1666303644.266537,383,41.0
1666305874.061372,511,38.0
1666308289.259117,639,53.0
1666310754.9105592,767,60.0
1666313310.195945,895,60.0
1666315683.0586069,1023,51.0
1666318132.2362359,1151,49.0
1666320690.8074832,1279,52.0
1666323351.1347132,1407,40.0
1666325596.9605792,1535,47.0
1666327821.1138718,1663,46.0
1666330427.1957202,1791,51.0
1666332945.1438625,1919,59.0
1666335420.7462208,2047,53.0
