Wall time,Step,Value
1666289156.1823306,127,-4.0
1666289652.5159817,255,-3.0
1666290168.6042118,383,-8.0
1666290700.8376968,511,13.0
1666291233.2721505,639,-2.0
1666291714.9056957,767,-10.0
1666292190.293702,895,-24.0
1666292697.3764732,1023,10.0
1666293236.1594355,1151,9.0
1666293716.130473,1279,2.0
1666294218.7043438,1407,6.0
1666294721.5384917,1535,2.0
1666295212.5256548,1663,-2.0
1666295700.0633936,1791,2.0
1666296225.3345447,1919,10.0
1666296767.2442887,2047,12.0
