Wall time,Step,Value
1666153977.1279874,127,32.0
1666154894.1670544,255,18.0
1666155849.0814908,383,17.0
1666156807.116537,511,8.0
1666157759.2994983,639,32.0
1666158711.3863323,767,27.0
1666159675.5763476,895,42.0
1666160601.4966147,1023,39.0
1666161531.9760704,1151,49.0
1666162470.7276254,1279,53.0
1666163427.5933094,1407,44.0
1666164359.70198,1535,35.0
1666165331.9085355,1663,47.0
1666166267.7964268,1791,42.0
1666167167.0443482,1919,39.0
1666168104.7355592,2047,56.0
