Wall time,Step,Value
1666089852.2540379,127,16.0
1666090924.4825008,255,22.0
1666091954.4024706,383,14.0
1666092923.371679,511,12.0
1666093916.7873857,639,19.0
1666095037.7276468,767,24.0
1666096091.4380314,895,30.0
1666097118.1356885,1023,32.0
1666098187.4698575,1151,34.0
1666099304.237745,1279,28.0
1666100390.2425613,1407,17.0
1666101493.3244338,1535,22.0
1666102573.9842296,1663,42.0
1666103748.2466831,1791,39.0
1666104897.7354536,1919,35.0
1666105819.722198,2047,40.0
