Wall time,Step,Value
1666280340.3273835,127,8.0
1666280844.727107,255,-12.0
1666281367.2875524,383,-1.0
1666281849.0940664,511,0.0
1666282324.7368972,639,7.0
1666282856.3500679,767,-3.0
1666283381.8581097,895,17.0
1666283904.835537,1023,12.0
1666284437.8665054,1151,17.0
1666284980.8909814,1279,10.0
1666285479.877541,1407,3.0
1666286017.518095,1535,10.0
1666286591.0576322,1663,-3.0
1666287233.2769947,1791,16.0
1666287811.5449038,1919,9.0
1666288393.1716194,2047,3.0
