Wall time,Step,Value
1666169300.0892851,127,43.0
1666170249.8409874,255,27.0
1666171205.312955,383,15.0
1666172112.8486233,511,24.0
1666173010.3094428,639,40.0
1666173930.0102708,767,42.0
1666174842.1989856,895,42.0
1666175795.132586,1023,31.0
1666176743.46598,1151,44.0
1666177664.8743007,1279,27.0
1666178600.3778908,1407,54.0
1666179589.1022668,1535,36.0
1666180558.8873785,1663,36.0
1666181498.730946,1791,34.0
1666182365.2251096,1919,39.0
1666183072.9633782,2047,20.0
