Wall time,Step,Value
1666271824.4141307,127,3.0
1666272340.123138,255,2.0
1666272839.4419796,383,-3.0
1666273307.1433554,511,-7.0
1666273836.364384,639,-17.0
1666274343.2156508,767,8.0
1666274846.1399634,895,-7.0
1666275386.3906498,1023,6.0
1666275904.6146686,1151,3.0
1666276413.9114544,1279,4.0
1666276905.7793376,1407,0.0
1666277463.6500635,1535,18.0
1666277996.4730287,1663,-3.0
1666278513.3273385,1791,11.0
1666279015.378203,1919,12.0
1666279589.0433362,2047,11.0
