Wall time,Step,Value
1666261134.502737,127,30.0
1666262910.1059008,255,17.0
1666264600.5069044,383,54.0
1666266347.5349734,511,18.0
1666268219.061501,639,23.0
1666270006.126043,767,40.0
1666271763.1446218,895,39.0
1666273529.0751204,1023,35.0
1666275293.5563843,1151,34.0
1666277168.647858,1279,40.0
1666279079.916842,1407,35.0
1666280856.9056046,1535,30.0
1666282556.8912337,1663,41.0
1666284363.3722463,1791,35.0
1666286296.2052162,1919,43.0
1666288473.141192,2047,49.0
