Wall time,Step,Value
1666202790.2009544,127,31.0
1666204658.727769,255,19.0
1666206544.796556,383,16.0
1666208447.1135073,511,43.0
1666210606.2547965,639,34.0
1666212580.0530744,767,29.0
1666214533.0106678,895,28.0
1666216392.51887,1023,57.0
1666218175.666796,1151,50.0
1666220041.367261,1279,39.0
1666221832.5808873,1407,54.0
1666223671.794149,1535,44.0
1666225420.8812134,1663,48.0
1666227263.3614807,1791,36.0
1666229114.58721,1919,48.0
1666230876.2587159,2047,50.0
