Wall time,Step,Value
1666138740.9008093,127,34.0
1666139708.1495402,255,41.0
1666140627.1448214,383,29.0
1666141536.2677174,511,27.0
1666142433.5503008,639,26.0
1666143355.784009,767,20.0
1666144253.6487775,895,54.0
1666145194.9209123,1023,36.0
1666146126.7794797,1151,35.0
1666147046.046615,1279,35.0
1666148002.967816,1407,37.0
1666148992.0015912,1535,36.0
1666149928.2411292,1663,37.0
1666150876.774584,1791,34.0
1666151810.305558,1919,48.0
1666152763.7510839,2047,41.0
