Wall time,Step,Value
1666074760.4752326,127,12.0
1666075640.8032844,255,27.0
1666076521.274383,383,10.0
1666077460.4973454,511,33.0
1666078423.4270282,639,37.0
1666079316.239283,767,16.0
1666080202.5094485,895,27.0
1666081155.2956572,1023,16.0
1666082115.679265,1151,33.0
1666083045.251652,1279,37.0
1666083961.416958,1407,16.0
1666084885.2563758,1535,24.0
1666085850.3731122,1663,34.0
1666086800.822676,1791,18.0
1666087668.9368675,1919,25.0
1666088559.045419,2047,19.0
