Wall time,Step,Value
1666233000.804616,127,26.0
1666234742.4249315,255,27.0
1666236455.3716614,383,15.0
1666238124.876559,511,39.0
1666239857.523151,639,9.0
1666241521.9715996,767,23.0
1666243275.120607,895,29.0
1666245023.0978508,1023,31.0
1666246732.556416,1151,29.0
1666248464.91095,1279,28.0
1666250219.2224576,1407,52.0
1666251954.33524,1535,52.0
1666253718.2465863,1663,45.0
1666255533.150916,1791,38.0
1666257318.6847873,1919,25.0
1666259076.895879,2047,52.0
