Wall time,Step,Value
1666289163.5062778,127,-12.0
1666289664.330248,255,-1.0
1666290184.4178545,383,-10.0
1666290713.304569,511,5.0
1666291249.3981068,639,3.0
1666291743.5676427,767,-18.0
1666292229.9076848,895,3.0
1666292728.0645397,1023,4.0
1666293281.834999,1151,10.0
1666293777.3528552,1279,1.0
1666294283.5494175,1407,9.0
1666294793.9469047,1535,3.0
1666295276.3211424,1663,0.0
1666295771.7625563,1791,18.0
1666296297.673714,1919,17.0
1666296859.6255844,2047,8.0
