Wall time,Step,Value
1666291116.8564436,127,40.0
1666292896.746755,255,39.0
1666294692.7291474,383,62.0
1666296521.350598,511,28.0
1666298438.5959885,639,44.0
1666300780.44577,767,45.0
1666303104.508339,895,45.0
1666305446.8616273,1023,55.0
1666307874.4454577,1151,49.0
1666310335.3643098,1279,46.0
1666312792.723455,1407,53.0
1666315064.6031194,1535,42.0
1666317457.009328,1663,55.0
1666319902.433161,1791,53.0
1666322351.5068426,1919,59.0
1666324714.7744722,2047,49.0
