Wall time,Step,Value
1666232992.9885025,127,37.0
1666234724.6161387,255,26.0
1666236427.2661269,383,30.0
1666238117.4428096,511,38.0
1666239853.7505426,639,34.0
1666241515.7214553,767,29.0
1666243280.7321153,895,19.0
1666245034.6030176,1023,40.0
1666246736.641927,1151,19.0
1666248476.617329,1279,38.0
1666250212.572982,1407,36.0
1666251957.2509737,1535,52.0
1666253729.7575266,1663,49.0
1666255553.4768574,1791,58.0
1666257333.5307367,1919,47.0
1666259103.1416664,2047,44.0
