Wall time,Step,Value
1666107458.6422913,127,9.0
1666108473.1797578,255,-1.0
1666109454.3081443,383,3.0
1666110474.411576,511,5.0
1666111420.9350147,639,6.0
1666112340.390486,767,6.0
1666113298.9754431,895,4.0
1666114246.988083,1023,2.0
1666115212.3988044,1151,11.0
1666116165.8395321,1279,4.0
1666117119.8210745,1407,7.0
1666118085.4725204,1535,8.0
1666119051.300124,1663,13.0
1666120005.8306942,1791,8.0
1666120933.9933326,1919,8.0
1666121899.3601546,2047,-2.0
