Wall time,Step,Value
1666044462.975374,127,5.0
1666045376.2789652,255,8.0
1666046306.7182245,383,6.0
1666047213.7586944,511,3.0
1666048113.5095532,639,3.0
1666049095.515147,767,10.0
1666050011.0345898,895,7.0
1666050953.4228787,1023,-3.0
1666051891.142799,1151,3.0
1666052815.2588775,1279,4.0
1666053764.094335,1407,2.0
1666054709.0651872,1535,5.0
1666055669.8822536,1663,-3.0
1666056666.2901568,1791,7.0
1666057673.4093745,1919,10.0
1666058590.176322,2047,11.0
