Wall time,Step,Value
1666107446.5558562,127,3.0
1666108439.902667,255,-6.0
1666109421.2291906,383,6.0
1666110441.796482,511,3.0
1666111371.4623811,639,6.0
1666112279.3607485,767,5.0
1666113204.244708,895,9.0
1666114154.5261154,1023,12.0
1666115110.6216435,1151,5.0
1666116044.142959,1279,11.0
1666117001.1458178,1407,8.0
1666117936.5612395,1535,0.0
1666118895.5507505,1663,10.0
1666119847.8451493,1791,8.0
1666120760.9658077,1919,7.0
1666121711.8454697,2047,2.0
