Wall time,Step,Value
1666059752.4293134,127,6.0
1666060653.26048,255,1.0
1666061526.8702464,383,-2.0
1666062463.2810888,511,2.0
1666063359.6330435,639,0.0
1666064254.6186159,767,6.0
1666065132.208037,895,1.0
1666066031.7428837,1023,7.0
1666066943.454128,1151,6.0
1666067870.0177064,1279,7.0
1666068764.8790588,1407,2.0
1666069687.9757648,1535,2.0
1666070630.8584037,1663,2.0
1666071588.4042153,1791,6.0
1666072488.0541766,1919,5.0
1666073422.5536122,2047,8.0
