Wall time,Step,Value
1666123096.2539766,127,6.0
1666124003.5984662,255,1.0
1666124926.0101507,383,10.0
1666125848.7911024,511,6.0
1666126799.011534,639,8.0
1666127765.954096,767,3.0
1666128676.1198967,895,5.0
1666129592.6506944,1023,9.0
1666130506.9226422,1151,4.0
1666131486.0055976,1279,2.0
1666132483.548463,1407,3.0
1666133481.8605044,1535,9.0
1666134468.077123,1663,8.0
1666135459.078988,1791,6.0
1666136501.2641852,1919,9.0
1666137441.8392243,2047,5.0
