Wall time,Step,Value
1666029652.467334,127,2.0
1666030558.494956,255,7.0
1666031478.2941775,383,3.0
1666032356.8497565,511,4.0
1666033255.1170495,639,7.0
1666034142.7950811,767,8.0
1666035038.9708445,895,9.0
1666035944.3881595,1023,1.0
1666036877.0849392,1151,7.0
1666037766.9544258,1279,6.0
1666038697.0537307,1407,7.0
1666039604.9073186,1535,10.0
1666040518.167414,1663,-1.0
1666041434.7992988,1791,-5.0
1666042359.5136418,1919,2.0
1666043263.9371839,2047,4.0
