Wall time,Step,Value
1666138734.7013867,127,5.0
1666139682.0317628,255,8.0
1666140601.8444602,383,-5.0
1666141508.6689148,511,1.0
1666142405.1531212,639,4.0
1666143342.4742718,767,6.0
1666144231.023087,895,8.0
1666145162.127799,1023,9.0
1666146097.6855297,1151,7.0
1666147011.255299,1279,10.0
1666147960.3446374,1407,-2.0
1666148926.0327425,1535,10.0
1666149877.068066,1663,3.0
1666150802.3130393,1791,6.0
1666151741.4465513,1919,10.0
1666152673.3254952,2047,0.0
