Wall time,Step,Value
1666123103.8742979,127,0.0
1666124018.1875665,255,11.0
1666124947.0943577,383,13.0
1666125863.2901492,511,3.0
1666126808.5593486,639,11.0
1666127774.7563076,767,8.0
1666128693.74037,895,5.0
1666129615.3702593,1023,6.0
1666130533.080964,1151,12.0
1666131513.1893857,1279,12.0
1666132502.6993303,1407,5.0
1666133493.3055136,1535,5.0
1666134478.7352428,1663,4.0
1666135467.0593529,1791,3.0
1666136518.593265,1919,3.0
1666137462.3654087,2047,6.0
