Wall time,Step,Value
1666044435.3996181,127,8.0
1666045328.6549022,255,3.0
1666046230.7140238,383,5.0
1666047125.2365167,511,2.0
1666048016.732223,639,-2.0
1666048953.8733487,767,9.0
1666049872.850212,895,6.0
1666050798.4665198,1023,6.0
1666051697.6982217,1151,5.0
1666052626.9899917,1279,7.0
1666053556.8090844,1407,5.0
1666054490.389161,1535,11.0
1666055425.1504884,1663,-2.0
1666056390.591542,1791,9.0
1666057349.406557,1919,6.0
1666058280.0124547,2047,2.0
