Wall time,Step,Value
1665117825.2395418,127,66.0
1665120533.8639972,255,44.0
1665123038.4664197,383,82.0
1665125452.5026057,511,92.0
1665127920.6899185,639,70.0
1665130426.0247345,767,42.0
1665132817.0997767,895,100.0
1665135254.8655267,1023,98.0
1665137661.0261295,1151,70.0
1665140214.466603,1279,98.0
1665142511.8458107,1407,86.0
1665145080.6142504,1535,88.0
1665147576.8703551,1663,90.0
1665149936.2418222,1791,92.0
1665152218.0404048,1919,102.0
1665154446.7591748,2047,90.0
