Wall time,Step,Value
1665193738.339661,127,58.0
1665194691.8999176,255,82.0
1665195731.478368,383,54.0
1665196735.415375,511,58.0
1665197746.889116,639,46.0
1665198785.3181033,767,80.0
1665199852.213154,895,40.0
1665200940.8511214,1023,74.0
1665201999.5832143,1151,84.0
1665203082.7403808,1279,78.0
1665204146.6628733,1407,98.0
1665205228.9346516,1535,86.0
1665206321.5208113,1663,94.0
1665207382.1170926,1791,94.0
1665208427.0574913,1919,64.0
1665209561.1234598,2047,108.0
