Wall time,Step,Value
1665102386.090756,127,-6.0
1665102912.7255113,255,-32.0
1665103371.4342504,383,-16.0
1665103865.4137156,511,-10.0
1665104326.7359793,639,0.0
1665104818.8496358,767,26.0
1665105282.823814,895,6.0
1665105766.189287,1023,2.0
1665106237.2433112,1151,-4.0
1665106731.9102063,1279,24.0
1665107235.1288118,1407,-8.0
1665107715.9849658,1535,34.0
1665108202.6662157,1663,28.0
1665108672.1676083,1791,18.0
1665109185.5234728,1919,32.0
1665109659.714258,2047,28.0
