Wall time,Step,Value
1665155213.78644,127,-18.0
1665155750.3029234,255,-8.0
1665156272.258978,383,-26.0
1665156817.2972944,511,20.0
1665157355.4001842,639,8.0
1665157840.1263416,767,22.0
1665158412.7257898,895,-4.0
1665158912.4885807,1023,12.0
1665159427.9253485,1151,12.0
1665159952.0512116,1279,28.0
1665160503.520739,1407,42.0
1665161013.2746103,1535,-12.0
1665161521.0262632,1663,38.0
1665162087.9023705,1791,24.0
1665162639.8393483,1919,32.0
1665163175.0402555,2047,42.0
