Wall time,Step,Value
1665178213.631139,127,16.0
1665179180.9585335,255,48.0
1665180138.1381679,383,58.0
1665181081.0600247,511,72.0
1665182028.9511783,639,84.0
1665182938.3396878,767,64.0
1665183832.676506,895,68.0
1665184732.740179,1023,76.0
1665185653.0651925,1151,60.0
1665186600.3295662,1279,72.0
1665187519.5709,1407,76.0
1665188428.1420872,1535,102.0
1665189372.5669258,1663,80.0
1665190350.1401682,1791,90.0
1665191317.1791265,1919,90.0
1665192285.241824,2047,108.0
