Wall time,Step,Value
1665010344.647804,127,62.0
1665014001.804669,255,44.0
1665017720.0584433,383,20.0
1665021528.311903,511,64.0
1665025917.3326993,639,52.0
1665029971.824482,767,60.0
1665033672.6867316,895,46.0
1665037658.3947926,1023,36.0
1665041718.3372905,1151,76.0
1665045569.0063725,1279,54.0
1665049191.3210728,1407,70.0
1665053109.4382188,1535,68.0
1665058482.1183803,1663,82.0
1665063499.6189952,1791,94.0
1665067472.236713,1919,66.0
1665071114.1437745,2047,78.0
