Wall time,Step,Value
1665225573.068005,127,70.0
1665226817.9774961,255,74.0
1665228055.3494785,383,84.0
1665229280.032634,511,74.0
1665230531.0696058,639,82.0
1665231786.2348464,767,86.0
1665233024.014117,895,92.0
1665234272.5314739,1023,112.0
1665235516.5912127,1151,96.0
1665236759.285867,1279,98.0
1665238003.9776232,1407,98.0
1665239248.717655,1535,106.0
1665240493.5357606,1663,114.0
1665241726.4214983,1791,116.0
1665242958.9823096,1919,104.0
1665244190.6059859,2047,110.0
