Wall time,Step,Value
1665117786.5325377,127,68.0
1665120438.2921312,255,68.0
1665122905.510942,383,50.0
1665125299.3621666,511,58.0
1665127734.9234905,639,74.0
1665130166.5233183,767,80.0
1665132502.8709166,895,46.0
1665134911.8121219,1023,92.0
1665137348.261727,1151,98.0
1665139851.7630286,1279,90.0
1665142147.944621,1407,100.0
1665144652.7979908,1535,52.0
1665147097.676013,1663,90.0
1665149394.440545,1791,120.0
1665151608.60135,1919,98.0
1665153849.2671707,2047,116.0
