Wall time,Step,Value
1665102821.8268657,127,36.0
1665103729.9265802,255,70.0
1665104623.5652795,383,56.0
1665105509.744211,511,32.0
1665106403.9053388,639,32.0
1665107320.5153053,767,78.0
1665108227.6839502,895,74.0
1665109124.6466556,1023,78.0
1665109994.8078585,1151,78.0
1665110766.6828566,1279,46.0
1665111543.756692,1407,60.0
1665112319.5611224,1535,46.0
1665113099.4466145,1663,70.0
1665113872.3413508,1791,82.0
1665114648.986413,1919,62.0
1665115374.6787086,2047,74.0
