Wall time,Step,Value
1665117791.0286593,127,56.0
1665120501.4416583,255,74.0
1665122985.453123,383,54.0
1665125455.1660602,511,60.0
1665127897.5444295,639,52.0
1665130407.6573653,767,78.0
1665132797.791698,895,80.0
1665135218.4551914,1023,108.0
1665137664.6068525,1151,96.0
1665140200.1096423,1279,88.0
1665142504.3433368,1407,106.0
1665145081.5655148,1535,62.0
1665147586.890483,1663,86.0
1665149944.3564544,1791,112.0
1665152239.3388038,1919,102.0
1665154453.3871467,2047,62.0
