Wall time,Step,Value
1665194806.4088235,127,90.0
1665197079.0295033,255,96.0
1665199283.3459427,383,72.0
1665201559.8264515,511,96.0
1665203797.489426,639,90.0
1665206027.9518862,767,84.0
1665208261.1800492,895,94.0
1665210342.78108,1023,110.0
1665212021.1398108,1151,72.0
1665213677.4726672,1279,108.0
1665215352.0044827,1407,114.0
1665217028.1405537,1535,102.0
1665218687.180268,1663,126.0
1665220338.3837655,1791,116.0
1665221983.318242,1919,118.0
1665223659.6509984,2047,112.0
