Wall time,Step,Value
1665156515.640078,127,88.0
1665158256.9058332,255,60.0
1665160107.1497302,383,78.0
1665161849.8723981,511,60.0
1665163531.5151029,639,70.0
1665164733.1963005,767,86.0
1665165946.2166224,895,62.0
1665167164.0919554,1023,64.0
1665168391.2694087,1151,86.0
1665169628.299908,1279,82.0
1665170865.7053504,1407,100.0
1665172104.7158425,1535,96.0
1665173344.7714932,1663,104.0
1665174585.2818708,1791,96.0
1665175822.8769255,1919,94.0
1665177069.336381,2047,108.0
