Wall time,Step,Value
1665155203.9621794,127,-22.0
1665155723.761782,255,-8.0
1665156232.815862,383,6.0
1665156760.8952022,511,6.0
1665157287.8855104,639,48.0
1665157775.4256349,767,10.0
1665158260.5948784,895,-4.0
1665158838.262334,1023,12.0
1665159341.3099208,1151,2.0
1665159863.8995407,1279,20.0
1665160399.1645043,1407,16.0
1665160897.8219233,1535,40.0
1665161402.353577,1663,34.0
1665161951.8316865,1791,22.0
1665162496.5566223,1919,12.0
1665163027.238771,2047,18.0
