Wall time,Step,Value
1665035845.2482994,127,-54.0
1665038077.3813438,255,-44.0
1665040316.505906,383,-40.0
1665042535.9587903,511,-32.0
1665044767.7989254,639,-56.0
1665047014.7100677,767,-40.0
1665049237.7493944,895,-46.0
1665051477.1540315,1023,-40.0
1665053687.3572977,1151,-32.0
1665055898.1741092,1279,-30.0
1665058119.8580408,1407,-32.0
1665060356.2337952,1535,-32.0
1665062561.8962734,1663,-32.0
1665064789.3490098,1791,-14.0
1665067020.576353,1919,-40.0
1665069196.098131,2047,-30.0
