Wall time,Step,Value
1665178212.9738731,127,62.0
1665179175.9271116,255,42.0
1665180137.1391191,383,66.0
1665181076.3079867,511,50.0
1665182016.2838392,639,48.0
1665182923.603763,767,64.0
1665183819.1287496,895,46.0
1665184716.5425084,1023,80.0
1665185641.8309343,1151,58.0
1665186567.9020274,1279,88.0
1665187500.1057858,1407,64.0
1665188406.1830018,1535,80.0
1665189353.026746,1663,106.0
1665190333.962202,1791,106.0
1665191309.4112732,1919,82.0
1665192288.65621,2047,102.0
