Wall time,Step,Value
1665178213.9703317,127,76.0
1665179184.3811438,255,26.0
1665180158.3982272,383,58.0
1665181108.1157012,511,60.0
1665182035.0103161,639,60.0
1665182948.092737,767,82.0
1665183843.0993028,895,80.0
1665184739.996883,1023,68.0
1665185660.1491044,1151,68.0
1665186608.8558915,1279,92.0
1665187531.6139724,1407,88.0
1665188436.3377979,1535,62.0
1665189383.2263906,1663,92.0
1665190369.8033464,1791,102.0
1665191350.3374324,1919,96.0
1665192305.4393733,2047,98.0
