Wall time,Step,Value
1665194863.2910101,127,84.0
1665197172.320054,255,100.0
1665199400.058984,383,94.0
1665201685.0054064,511,92.0
1665203934.1502378,639,86.0
1665206209.9020658,767,84.0
1665208431.1776018,895,84.0
1665210505.9105694,1023,98.0
1665212219.0756433,1151,84.0
1665213906.5037332,1279,108.0
1665215604.9789455,1407,92.0
1665217308.9351695,1535,114.0
1665219024.9638157,1663,116.0
1665220731.887019,1791,108.0
1665222432.0850244,1919,116.0
1665224070.051319,2047,118.0
