Wall time,Step,Value
1665194844.2189448,127,66.0
1665197149.100534,255,86.0
1665199363.5846224,383,88.0
1665201657.1219358,511,90.0
1665203896.7122822,639,88.0
1665206143.2456048,767,92.0
1665208374.4658394,895,104.0
1665210435.8728132,1023,84.0
1665212121.255436,1151,112.0
1665213795.3220868,1279,100.0
1665215474.3028436,1407,100.0
1665217141.4150467,1535,106.0
1665218799.7789695,1663,84.0
1665220453.759208,1791,102.0
1665222101.0444245,1919,108.0
1665223767.082041,2047,108.0
