Wall time,Step,Value
1665093316.8376167,127,-4.0
1665093905.7222757,255,-8.0
1665094486.2588327,383,-12.0
1665095070.1260774,511,-10.0
1665095624.877873,639,12.0
1665096176.1412694,767,24.0
1665096691.7075105,895,4.0
1665097193.055051,1023,-2.0
1665097721.830953,1151,4.0
1665098240.6068509,1279,6.0
1665098782.5088832,1407,24.0
1665099323.0416417,1535,18.0
1665099871.9498746,1663,24.0
1665100410.5645356,1791,26.0
1665100983.4661832,1919,30.0
1665101527.1658444,2047,24.0
