Wall time,Step,Value
1665155211.3920095,127,2.0
1665155748.3035655,255,8.0
1665156270.7327247,383,12.0
1665156815.263871,511,22.0
1665157349.113114,639,-16.0
1665157831.034922,767,-18.0
1665158405.4321678,895,-6.0
1665158906.6715143,1023,4.0
1665159419.2404907,1151,12.0
1665159948.0600545,1279,14.0
1665160499.7478576,1407,14.0
1665161008.570795,1535,30.0
1665161512.2709553,1663,38.0
1665162085.8795202,1791,26.0
1665162638.9887123,1919,38.0
1665163175.556826,2047,4.0
